delivery_date,blocks,avg_mcp,vw_mcp,min_mcp,max_mcp,mcv_mwh,fsv_mwh,source
2022-04-01,96,13764.02,13660.71,4200.68,20000.0,194078.76,194078.76,power_market/raw/dam/dam_2022-04.html
2022-04-02,96,7410.41,7245.8,3189.25,15000.26,194046.44,194046.44,power_market/raw/dam/dam_2022-04.html
2022-04-03,96,4497.29,4457.39,2700.46,6416.17,156781.53,156781.53,power_market/raw/dam/dam_2022-04.html
2022-04-04,96,6414.63,6425.96,3232.23,11923.39,165691.78,165691.78,power_market/raw/dam/dam_2022-04.html
2022-04-05,96,4974.63,4881.02,2858.28,7622.63,162892.04,162892.04,power_market/raw/dam/dam_2022-04.html
2022-04-06,96,7258.17,7098.81,3297.19,10597.9,171912.22,171912.22,power_market/raw/dam/dam_2022-04.html
2022-04-07,96,8482.86,8188.62,3189.23,12000.0,196807.38,196807.38,power_market/raw/dam/dam_2022-04.html
2022-04-08,96,10101.73,9907.44,3427.28,12000.0,184268.23,184804.54,power_market/raw/dam/dam_2022-04.html
2022-04-09,96,10126.73,10009.58,3427.2,12000.0,177060.96,177060.96,power_market/raw/dam/dam_2022-04.html
2022-04-10,96,8055.55,7956.44,3232.84,12000.0,187728.84,186604.78,power_market/raw/dam/dam_2022-04.html
2022-04-11,96,11041.95,10823.31,4259.83,12000.0,174176.4,174176.4,power_market/raw/dam/dam_2022-04.html
2022-04-12,96,10953.01,10778.4,3828.07,12000.0,167930.43,167930.43,power_market/raw/dam/dam_2022-04.html
2022-04-13,96,10897.01,10519.96,6000.66,12000.0,154561.47,154461.47,power_market/raw/dam/dam_2022-04.html
2022-04-14,96,9347.03,8758.77,3520.03,12000.0,158583.46,158583.46,power_market/raw/dam/dam_2022-04.html
2022-04-15,96,9744.77,9393.69,4459.72,12000.0,164657.21,164657.21,power_market/raw/dam/dam_2022-04.html
2022-04-16,96,10178.65,9881.34,5000.38,12000.0,147038.45,147038.45,power_market/raw/dam/dam_2022-04.html
2022-04-17,96,6954.68,7176.96,3070.43,12000.0,138474.1,138474.1,power_market/raw/dam/dam_2022-04.html
2022-04-18,96,10601.46,10339.12,5500.02,12000.0,144357.96,144357.96,power_market/raw/dam/dam_2022-04.html
2022-04-19,96,10489.36,10246.05,4500.99,12000.0,144500.16,144500.16,power_market/raw/dam/dam_2022-04.html
2022-04-20,96,11444.13,11316.63,8000.4,12000.0,131017.47,131017.47,power_market/raw/dam/dam_2022-04.html
2022-04-21,96,11841.81,11829.4,10188.57,12000.0,117287.1,117287.1,power_market/raw/dam/dam_2022-04.html
2022-04-22,96,12000.0,12000.0,12000.0,12000.0,99186.25,99186.25,power_market/raw/dam/dam_2022-04.html
2022-04-23,96,12000.0,12000.0,12000.0,12000.0,89191.2,89191.2,power_market/raw/dam/dam_2022-04.html
2022-04-24,96,11343.76,11325.92,6000.7,12000.0,106036.29,106036.29,power_market/raw/dam/dam_2022-04.html
2022-04-25,96,12000.0,12000.0,12000.0,12000.0,84312.05,84312.05,power_market/raw/dam/dam_2022-04.html
2022-04-26,96,12000.0,12000.0,12000.0,12000.0,76347.33,76347.33,power_market/raw/dam/dam_2022-04.html
2022-04-27,96,12000.0,12000.0,12000.0,12000.0,80439.05,80439.05,power_market/raw/dam/dam_2022-04.html
2022-04-28,96,12000.0,12000.0,12000.0,12000.0,54349.8,54349.8,power_market/raw/dam/dam_2022-04.html
2022-04-29,96,12000.0,12000.0,12000.0,12000.0,47417.52,47417.52,power_market/raw/dam/dam_2022-04.html
2022-04-30,96,12000.0,12000.0,12000.0,12000.0,45331.1,45331.1,power_market/raw/dam/dam_2022-04.html
2022-05-01,96,11968.66,11956.55,10995.21,12000.0,73419.22,73419.22,power_market/raw/dam/dam_2022-05.html
2022-05-02,96,12000.0,12000.0,12000.0,12000.0,73148.15,73148.15,power_market/raw/dam/dam_2022-05.html
2022-05-03,96,11745.39,11638.24,10339.14,12000.0,96564.02,96564.02,power_market/raw/dam/dam_2022-05.html
2022-05-04,96,11669.49,11452.88,6999.92,12000.0,97361.7,97361.7,power_market/raw/dam/dam_2022-05.html
2022-05-05,96,11304.13,10992.02,6081.18,12000.0,93334.58,93334.58,power_market/raw/dam/dam_2022-05.html
2022-05-06,96,10380.1,10118.73,4035.6,12000.0,91345.78,91345.78,power_market/raw/dam/dam_2022-05.html
2022-05-07,96,9620.95,9382.96,3999.21,12000.0,100983.98,100983.98,power_market/raw/dam/dam_2022-05.html
2022-05-08,96,6844.69,7235.54,2846.27,12000.0,75145.17,75145.17,power_market/raw/dam/dam_2022-05.html
2022-05-09,96,8088.64,8275.96,2999.54,12000.0,94079.78,94079.78,power_market/raw/dam/dam_2022-05.html
2022-05-10,96,5484.38,5450.17,2999.76,8500.4,98274.61,98274.61,power_market/raw/dam/dam_2022-05.html
2022-05-11,96,5876.71,5945.11,2870.7,9389.46,106851.35,106851.35,power_market/raw/dam/dam_2022-05.html
2022-05-12,96,5887.1,5994.53,2698.55,8400.14,114909.88,114909.88,power_market/raw/dam/dam_2022-05.html
2022-05-13,96,4840.23,5040.81,1499.52,9000.26,124009.0,124009.0,power_market/raw/dam/dam_2022-05.html
2022-05-14,96,4358.88,4533.68,1199.78,7998.66,111960.09,111960.09,power_market/raw/dam/dam_2022-05.html
2022-05-15,96,3345.7,3499.15,1199.58,6999.25,95361.77,95361.77,power_market/raw/dam/dam_2022-05.html
2022-05-16,96,4677.99,4870.04,2800.96,7000.27,93707.18,93707.18,power_market/raw/dam/dam_2022-05.html
2022-05-17,96,5133.34,5307.9,2738.78,8000.48,105000.08,105000.08,power_market/raw/dam/dam_2022-05.html
2022-05-18,96,5905.63,6016.61,3333.49,9020.89,109089.1,109089.1,power_market/raw/dam/dam_2022-05.html
2022-05-19,96,6515.07,6681.16,3468.1,11998.35,137089.48,137089.47,power_market/raw/dam/dam_2022-05.html
2022-05-20,96,6943.46,7071.27,3499.93,12000.0,128320.24,128320.25,power_market/raw/dam/dam_2022-05.html
2022-05-21,96,6488.29,7021.05,2999.46,12000.0,120727.83,120727.84,power_market/raw/dam/dam_2022-05.html
2022-05-22,96,2887.33,2873.58,998.4,4999.69,70117.0,70117.0,power_market/raw/dam/dam_2022-05.html
2022-05-23,96,3470.76,3544.29,1999.71,6489.66,79176.27,79176.28,power_market/raw/dam/dam_2022-05.html
2022-05-24,96,3541.35,3753.74,1999.6,6000.0,87925.96,87925.96,power_market/raw/dam/dam_2022-05.html
2022-05-25,96,4928.54,5088.22,3071.81,7000.83,111503.78,111503.77,power_market/raw/dam/dam_2022-05.html
2022-05-26,96,6613.75,6678.4,3549.79,10339.26,140291.18,140291.18,power_market/raw/dam/dam_2022-05.html
2022-05-27,96,7024.45,7266.56,3298.23,12000.0,125046.24,125046.22,power_market/raw/dam/dam_2022-05.html
2022-05-28,96,5222.36,5883.97,2351.54,12000.0,98657.05,98657.04,power_market/raw/dam/dam_2022-05.html
2022-05-29,96,4335.59,4706.08,1799.29,8000.73,97128.57,97128.57,power_market/raw/dam/dam_2022-05.html
2022-05-30,96,6449.59,6851.21,2873.97,12000.0,114922.12,114922.12,power_market/raw/dam/dam_2022-05.html
2022-05-31,96,5916.41,6296.9,2780.99,12000.0,107049.74,107049.74,power_market/raw/dam/dam_2022-05.html
2022-06-01,96,6567.18,7061.28,2800.8,12000.0,125685.82,125685.82,power_market/raw/dam/dam_2022-06.html
2022-06-02,96,7206.03,7870.0,2499.21,12000.0,147275.82,147275.82,power_market/raw/dam/dam_2022-06.html
2022-06-03,96,6735.32,7397.86,2500.21,12000.0,139839.8,139839.8,power_market/raw/dam/dam_2022-06.html
2022-06-04,96,7650.32,8232.92,2550.95,12000.0,144040.56,144040.56,power_market/raw/dam/dam_2022-06.html
2022-06-05,96,7040.7,7656.35,1499.28,12000.0,140269.95,140269.95,power_market/raw/dam/dam_2022-06.html
2022-06-06,96,8069.69,8480.74,2499.85,12000.0,166380.18,166375.38,power_market/raw/dam/dam_2022-06.html
2022-06-07,96,6095.86,6653.04,2199.26,12000.0,147834.1,147834.1,power_market/raw/dam/dam_2022-06.html
2022-06-08,96,6395.89,7039.19,2499.99,12000.0,146112.85,146112.85,power_market/raw/dam/dam_2022-06.html
2022-06-09,96,6878.19,7394.51,2499.53,12000.0,149253.26,149253.26,power_market/raw/dam/dam_2022-06.html
2022-06-10,96,7029.99,7570.89,2499.99,12000.0,151788.4,151788.4,power_market/raw/dam/dam_2022-06.html
2022-06-11,96,7769.24,8242.32,3049.27,12000.0,143551.21,143551.21,power_market/raw/dam/dam_2022-06.html
2022-06-12,96,5848.78,6856.88,999.17,12000.0,136707.2,136707.2,power_market/raw/dam/dam_2022-06.html
2022-06-13,96,8354.53,8624.81,3358.91,12000.0,140273.7,140272.73,power_market/raw/dam/dam_2022-06.html
2022-06-14,96,9345.75,9510.93,4500.28,12000.0,132019.8,132019.8,power_market/raw/dam/dam_2022-06.html
2022-06-15,96,10143.08,10046.05,4468.09,12000.0,140864.75,140864.75,power_market/raw/dam/dam_2022-06.html
2022-06-16,96,8604.31,8713.37,3499.95,12000.0,134350.11,134350.11,power_market/raw/dam/dam_2022-06.html
2022-06-17,96,6570.06,6925.1,2532.46,12000.0,120188.98,120188.98,power_market/raw/dam/dam_2022-06.html
2022-06-18,96,5075.0,5363.18,1277.44,11499.88,109303.37,109303.37,power_market/raw/dam/dam_2022-06.html
2022-06-19,96,4257.89,4434.02,2062.64,8620.61,126999.93,126999.93,power_market/raw/dam/dam_2022-06.html
2022-06-20,96,4414.6,4517.3,2569.31,8465.6,125421.64,125421.64,power_market/raw/dam/dam_2022-06.html
2022-06-21,96,3543.96,3531.21,1999.93,7000.25,137120.68,137120.68,power_market/raw/dam/dam_2022-06.html
2022-06-22,96,4259.72,4293.48,2949.33,7500.4,147161.13,147161.13,power_market/raw/dam/dam_2022-06.html
2022-06-23,96,5217.33,5168.09,3049.7,8903.5,149486.14,149486.14,power_market/raw/dam/dam_2022-06.html
2022-06-24,96,7085.6,7200.36,3560.46,12000.0,121776.02,121776.02,power_market/raw/dam/dam_2022-06.html
2022-06-25,96,5509.09,5628.51,3399.12,11619.06,123533.34,123533.34,power_market/raw/dam/dam_2022-06.html
2022-06-26,96,5030.86,5222.83,2064.49,9000.33,116222.26,116222.26,power_market/raw/dam/dam_2022-06.html
2022-06-27,96,6126.62,6410.35,3299.37,11782.91,135328.45,135328.45,power_market/raw/dam/dam_2022-06.html
2022-06-28,96,6657.8,6846.92,3399.35,12000.0,144032.78,144032.78,power_market/raw/dam/dam_2022-06.html
2022-06-29,96,7507.09,7728.73,3789.18,12000.0,140900.9,140900.9,power_market/raw/dam/dam_2022-06.html
2022-06-30,96,3788.9,3723.44,1989.55,8496.8,101276.14,101276.14,power_market/raw/dam/dam_2022-06.html
2022-07-01,96,4036.04,4159.11,2063.58,7769.08,105819.94,105819.94,power_market/raw/dam/dam_2022-07.html
2022-07-02,96,4424.92,4460.18,3000.76,7039.65,114892.27,114892.27,power_market/raw/dam/dam_2022-07.html
2022-07-03,96,3892.2,3943.34,1800.39,6000.69,124170.37,122220.84,power_market/raw/dam/dam_2022-07.html
2022-07-04,96,4470.75,4520.9,2829.12,8550.16,114138.86,114138.86,power_market/raw/dam/dam_2022-07.html
2022-07-05,96,4793.52,4970.96,2950.58,10449.84,108668.13,108668.13,power_market/raw/dam/dam_2022-07.html
2022-07-06,96,6589.28,6877.09,3190.91,12000.0,118570.11,118570.11,power_market/raw/dam/dam_2022-07.html
2022-07-07,96,6408.96,6900.7,2900.89,12000.0,95865.53,94175.06,power_market/raw/dam/dam_2022-07.html
2022-07-08,96,7219.87,7409.98,3150.89,12000.0,104057.01,104057.01,power_market/raw/dam/dam_2022-07.html
2022-07-09,96,6105.13,6319.71,3229.04,12000.0,107151.98,106339.86,power_market/raw/dam/dam_2022-07.html
2022-07-10,96,3078.42,3004.61,1499.46,5259.74,84418.88,84418.88,power_market/raw/dam/dam_2022-07.html
2022-07-11,96,4970.88,5226.52,2887.56,12000.0,85826.06,85826.06,power_market/raw/dam/dam_2022-07.html
2022-07-12,96,5498.48,5716.35,2918.76,12000.0,97385.89,97385.89,power_market/raw/dam/dam_2022-07.html
2022-07-13,96,3926.62,3970.92,1999.52,9849.06,93380.6,93380.6,power_market/raw/dam/dam_2022-07.html
2022-07-14,96,4953.4,4968.56,1999.56,12000.0,110211.79,110211.79,power_market/raw/dam/dam_2022-07.html
2022-07-15,96,5406.86,5431.02,2469.28,12000.0,111461.0,111461.0,power_market/raw/dam/dam_2022-07.html
2022-07-16,96,5734.19,5760.01,2188.91,12000.0,109372.18,109372.18,power_market/raw/dam/dam_2022-07.html
2022-07-17,96,4261.72,4382.95,1564.39,9952.23,97376.21,97376.21,power_market/raw/dam/dam_2022-07.html
2022-07-18,96,5867.3,5841.26,2409.95,12000.0,108026.36,108026.36,power_market/raw/dam/dam_2022-07.html
2022-07-19,96,6365.78,6176.13,3150.1,12000.0,122968.2,122968.2,power_market/raw/dam/dam_2022-07.html
2022-07-20,96,5809.11,5948.96,2766.57,12000.0,128424.42,128424.42,power_market/raw/dam/dam_2022-07.html
2022-07-21,96,6224.84,5974.33,2842.09,12000.0,144490.13,144490.13,power_market/raw/dam/dam_2022-07.html
2022-07-22,96,5763.28,5520.65,3000.29,12000.0,116747.18,116747.18,power_market/raw/dam/dam_2022-07.html
2022-07-23,96,5584.49,5529.36,3109.67,12000.0,107505.16,107505.16,power_market/raw/dam/dam_2022-07.html
2022-07-24,96,4145.05,4159.46,1989.77,7400.16,91777.43,91777.43,power_market/raw/dam/dam_2022-07.html
2022-07-25,96,4842.42,4885.79,2999.78,10400.48,91905.4,91905.4,power_market/raw/dam/dam_2022-07.html
2022-07-26,96,6094.91,6089.22,3252.74,12000.0,115024.4,115024.4,power_market/raw/dam/dam_2022-07.html
2022-07-27,96,6007.67,5933.01,2999.15,12000.0,121002.36,121002.36,power_market/raw/dam/dam_2022-07.html
2022-07-28,96,6382.87,6114.66,3249.61,12000.0,159864.46,159864.46,power_market/raw/dam/dam_2022-07.html
2022-07-29,96,6813.25,6364.58,3686.18,12000.0,145621.77,145621.77,power_market/raw/dam/dam_2022-07.html
2022-07-30,96,7487.89,7012.24,3686.77,12000.0,154292.68,154292.68,power_market/raw/dam/dam_2022-07.html
2022-07-31,96,4548.0,4590.63,2066.91,12000.0,130686.15,130686.15,power_market/raw/dam/dam_2022-07.html
2022-08-01,96,5236.6,5087.28,3109.55,12000.0,136052.56,136052.56,power_market/raw/dam/dam_2022-08.html
2022-08-02,96,5758.49,5563.14,3231.3,12000.0,122437.85,122437.85,power_market/raw/dam/dam_2022-08.html
2022-08-03,96,5948.98,6076.16,3249.31,12000.0,129436.41,129436.41,power_market/raw/dam/dam_2022-08.html
2022-08-04,96,7202.77,7273.63,4709.17,12000.0,127772.25,127772.25,power_market/raw/dam/dam_2022-08.html
2022-08-05,96,6725.35,6990.02,3800.54,12000.0,118037.26,118037.26,power_market/raw/dam/dam_2022-08.html
2022-08-06,96,5924.33,6246.36,3450.71,12000.0,120104.68,120104.68,power_market/raw/dam/dam_2022-08.html
2022-08-07,96,3970.45,4193.24,1561.78,6852.13,95909.33,95909.33,power_market/raw/dam/dam_2022-08.html
2022-08-08,96,4409.94,4850.73,1499.84,9000.86,90731.62,90731.62,power_market/raw/dam/dam_2022-08.html
2022-08-09,96,3689.83,3733.82,1499.82,7214.64,88965.71,88965.71,power_market/raw/dam/dam_2022-08.html
2022-08-10,96,3751.2,3730.43,1499.81,7400.14,95732.14,95732.14,power_market/raw/dam/dam_2022-08.html
2022-08-11,96,3297.45,3223.9,1499.57,6529.29,87600.08,87600.08,power_market/raw/dam/dam_2022-08.html
2022-08-12,96,3337.33,3225.77,1499.89,7400.19,102948.94,102948.94,power_market/raw/dam/dam_2022-08.html
2022-08-13,96,3721.39,3659.39,1840.7,7000.04,101886.61,101886.61,power_market/raw/dam/dam_2022-08.html
2022-08-14,96,3656.77,3770.17,1309.58,6400.22,101908.37,101908.37,power_market/raw/dam/dam_2022-08.html
2022-08-15,96,3146.19,3360.07,1309.18,5969.73,105917.62,105917.62,power_market/raw/dam/dam_2022-08.html
2022-08-16,96,5386.18,5521.38,2109.92,12000.0,116816.34,116816.34,power_market/raw/dam/dam_2022-08.html
2022-08-17,96,5293.01,5499.44,2720.14,12000.0,114805.8,114805.8,power_market/raw/dam/dam_2022-08.html
2022-08-18,96,4888.55,5120.14,2176.14,12000.0,120756.86,120756.86,power_market/raw/dam/dam_2022-08.html
2022-08-19,96,4619.52,4810.69,3450.81,7400.89,67252.65,67252.65,power_market/raw/dam/dam_2022-08.html
2022-08-20,96,5629.26,5683.35,3160.71,12000.0,88887.13,88887.13,power_market/raw/dam/dam_2022-08.html
2022-08-21,96,3397.65,3497.15,1499.85,6500.25,92763.45,92763.45,power_market/raw/dam/dam_2022-08.html
2022-08-22,96,4617.4,4912.62,2998.23,10857.04,92898.37,92898.37,power_market/raw/dam/dam_2022-08.html
2022-08-23,96,4415.51,4436.79,3049.84,8500.23,120883.23,120883.23,power_market/raw/dam/dam_2022-08.html
2022-08-24,96,4298.81,4390.89,3079.67,9000.18,122136.03,122136.03,power_market/raw/dam/dam_2022-08.html
2022-08-25,96,5644.89,5713.15,3359.36,12000.0,138000.15,138000.15,power_market/raw/dam/dam_2022-08.html
2022-08-26,96,6632.2,6836.29,3530.2,12000.0,132938.46,132938.46,power_market/raw/dam/dam_2022-08.html
2022-08-27,96,7365.03,7431.38,3600.06,12000.0,133251.74,133251.74,power_market/raw/dam/dam_2022-08.html
2022-08-28,96,6048.35,6333.57,3049.99,12000.0,127119.58,127119.58,power_market/raw/dam/dam_2022-08.html
2022-08-29,96,7373.2,7313.42,3640.16,12000.0,129965.55,129965.55,power_market/raw/dam/dam_2022-08.html
2022-08-30,96,7368.9,7281.16,4016.17,12000.0,147486.73,147486.73,power_market/raw/dam/dam_2022-08.html
2022-08-31,96,7403.77,7295.02,3855.61,12000.0,157298.41,157298.41,power_market/raw/dam/dam_2022-08.html
2022-09-01,96,8282.55,7930.09,4998.64,12000.0,157925.89,157925.89,power_market/raw/dam/dam_2022-09.html
2022-09-02,96,9080.64,8885.24,5405.47,12000.0,150300.08,150300.08,power_market/raw/dam/dam_2022-09.html
2022-09-03,96,7710.16,8089.11,3500.19,12000.0,121476.96,121476.96,power_market/raw/dam/dam_2022-09.html
2022-09-04,96,5289.27,5644.7,1499.97,12000.0,128206.16,128206.16,power_market/raw/dam/dam_2022-09.html
2022-09-05,96,6729.24,7116.6,2910.75,12000.0,132722.65,132722.65,power_market/raw/dam/dam_2022-09.html
2022-09-06,96,7730.11,7895.75,3755.0,12000.0,131259.45,131259.45,power_market/raw/dam/dam_2022-09.html
2022-09-07,96,8688.77,8868.38,5300.99,12000.0,150094.37,150094.37,power_market/raw/dam/dam_2022-09.html
2022-09-08,96,7746.3,7850.73,4000.38,12000.0,169917.02,169917.02,power_market/raw/dam/dam_2022-09.html
2022-09-09,96,7421.24,7703.51,3649.1,12000.0,192236.01,192236.01,power_market/raw/dam/dam_2022-09.html
2022-09-10,96,7502.08,7636.23,3463.97,12000.0,190598.9,190598.9,power_market/raw/dam/dam_2022-09.html
2022-09-11,96,5016.8,5260.79,1500.32,8676.71,171403.18,171403.18,power_market/raw/dam/dam_2022-09.html
2022-09-12,96,4957.91,5033.39,1999.25,11199.9,145155.78,145155.78,power_market/raw/dam/dam_2022-09.html
2022-09-13,96,5274.26,5390.05,2677.71,12000.0,134941.07,134941.07,power_market/raw/dam/dam_2022-09.html
2022-09-14,96,4548.08,4464.25,1989.17,12000.0,141668.62,141668.62,power_market/raw/dam/dam_2022-09.html
2022-09-15,96,3809.32,3738.61,1200.0,12000.0,126034.05,126034.05,power_market/raw/dam/dam_2022-09.html
2022-09-16,96,3942.84,3776.16,1499.77,12000.0,129148.45,129148.45,power_market/raw/dam/dam_2022-09.html
2022-09-17,96,3810.67,3811.62,1989.89,12000.0,119578.73,119578.73,power_market/raw/dam/dam_2022-09.html
2022-09-18,96,3591.99,3661.65,1998.55,8500.42,126848.72,126848.72,power_market/raw/dam/dam_2022-09.html
2022-09-19,96,4616.29,4787.82,2870.35,12000.0,115493.54,115493.54,power_market/raw/dam/dam_2022-09.html
2022-09-20,96,5822.18,5839.01,3737.74,12000.0,116357.84,116357.84,power_market/raw/dam/dam_2022-09.html
2022-09-21,96,4702.21,4688.12,3109.76,12000.0,123457.9,123457.9,power_market/raw/dam/dam_2022-09.html
2022-09-22,96,4603.78,4557.65,3160.34,12000.0,121832.94,121832.94,power_market/raw/dam/dam_2022-09.html
2022-09-23,96,4066.17,4168.52,2669.28,12000.0,107432.54,107432.54,power_market/raw/dam/dam_2022-09.html
2022-09-24,96,4000.98,4053.22,2216.01,12000.0,125287.6,125287.6,power_market/raw/dam/dam_2022-09.html
2022-09-25,96,3285.14,3411.22,1699.6,8830.22,114967.06,114967.06,power_market/raw/dam/dam_2022-09.html
2022-09-26,96,4856.95,5088.37,2909.72,12000.0,121541.26,121541.26,power_market/raw/dam/dam_2022-09.html
2022-09-27,96,6569.28,6616.62,3737.21,12000.0,120081.39,120081.39,power_market/raw/dam/dam_2022-09.html
2022-09-28,96,4848.64,5007.92,2943.57,12000.0,119931.3,119931.3,power_market/raw/dam/dam_2022-09.html
2022-09-29,96,5338.45,5476.08,3079.61,12000.0,126163.92,126163.92,power_market/raw/dam/dam_2022-09.html
2022-09-30,96,5095.18,5321.3,3449.87,12000.0,117580.69,117580.69,power_market/raw/dam/dam_2022-09.html
2022-10-01,96,4683.7,4884.75,3099.87,12000.0,110255.91,110255.91,power_market/raw/dam/dam_2022-10.html
2022-10-02,96,3737.58,3878.38,2039.21,9149.05,135190.84,135190.84,power_market/raw/dam/dam_2022-10.html
2022-10-03,96,4197.77,4220.7,2950.6,12000.0,123651.29,123651.29,power_market/raw/dam/dam_2022-10.html
2022-10-04,96,4108.44,4146.4,2499.47,12000.0,134607.03,134607.03,power_market/raw/dam/dam_2022-10.html
2022-10-05,96,3406.16,3507.7,1989.49,7400.24,140928.16,140928.16,power_market/raw/dam/dam_2022-10.html
2022-10-06,96,3681.53,3780.45,1999.23,12000.0,163514.6,163514.6,power_market/raw/dam/dam_2022-10.html
2022-10-07,96,3989.91,3933.21,2700.82,12000.0,160529.11,160529.11,power_market/raw/dam/dam_2022-10.html
2022-10-08,96,3529.15,3463.44,2641.48,8824.79,133615.87,133615.87,power_market/raw/dam/dam_2022-10.html
2022-10-09,96,3294.11,3240.64,2216.9,6000.33,135473.5,135473.5,power_market/raw/dam/dam_2022-10.html
2022-10-10,96,3924.28,4132.95,2752.25,12000.0,125609.59,125609.59,power_market/raw/dam/dam_2022-10.html
2022-10-11,96,3630.33,3681.25,2430.64,10499.46,137757.53,137757.53,power_market/raw/dam/dam_2022-10.html
2022-10-12,96,3611.18,3790.77,2430.42,10804.97,133616.36,133616.36,power_market/raw/dam/dam_2022-10.html
2022-10-13,96,4132.99,4349.29,2641.53,12000.0,129984.36,129984.36,power_market/raw/dam/dam_2022-10.html
2022-10-14,96,3704.94,3840.24,2529.65,10496.67,126842.95,126842.95,power_market/raw/dam/dam_2022-10.html
2022-10-15,96,3808.99,3940.67,2283.38,12000.0,130280.16,130280.16,power_market/raw/dam/dam_2022-10.html
2022-10-16,96,3214.56,3237.25,1971.81,7299.74,139019.62,139019.62,power_market/raw/dam/dam_2022-10.html
2022-10-17,96,3677.9,3817.61,2369.56,12000.0,143866.59,143866.59,power_market/raw/dam/dam_2022-10.html
2022-10-18,96,3972.53,4235.97,2177.21,12000.0,135050.54,135050.54,power_market/raw/dam/dam_2022-10.html
2022-10-19,96,4335.87,4547.37,2302.05,12000.0,145847.94,145847.94,power_market/raw/dam/dam_2022-10.html
2022-10-20,96,4357.53,4545.69,2580.46,12000.0,150429.86,150429.86,power_market/raw/dam/dam_2022-10.html
2022-10-21,96,4318.98,4436.34,2469.76,12000.0,152439.39,152439.39,power_market/raw/dam/dam_2022-10.html
2022-10-22,96,4455.58,4624.19,2314.99,12000.0,142789.14,142789.14,power_market/raw/dam/dam_2022-10.html
2022-10-23,96,3890.65,4084.1,1901.96,12000.0,149861.47,149861.47,power_market/raw/dam/dam_2022-10.html
2022-10-24,96,3077.7,3429.36,1120.92,6266.8,122365.84,122365.84,power_market/raw/dam/dam_2022-10.html
2022-10-25,96,3036.19,3171.69,1700.38,6000.72,125302.65,125302.65,power_market/raw/dam/dam_2022-10.html
2022-10-26,96,2982.37,3015.83,2147.9,6415.77,141168.32,141168.32,power_market/raw/dam/dam_2022-10.html
2022-10-27,96,3661.53,3807.87,2599.18,9747.21,131933.31,131933.31,power_market/raw/dam/dam_2022-10.html
2022-10-28,96,4109.47,4283.06,2769.74,10500.82,155317.31,155317.31,power_market/raw/dam/dam_2022-10.html
2022-10-29,96,4046.54,4246.44,2769.77,12000.0,155269.98,155269.98,power_market/raw/dam/dam_2022-10.html
2022-10-30,96,3590.87,3724.27,2630.6,6529.25,146217.81,146217.81,power_market/raw/dam/dam_2022-10.html
2022-10-31,96,4480.1,4651.35,3250.08,12000.0,166276.51,166276.51,power_market/raw/dam/dam_2022-10.html
2022-11-01,96,4097.5,4249.63,3171.18,8862.35,164091.68,164091.68,power_market/raw/dam/dam_2022-11.html
2022-11-02,96,4243.66,4387.05,3319.12,10500.47,153336.59,153336.59,power_market/raw/dam/dam_2022-11.html
2022-11-03,96,4663.14,4909.34,3495.24,11500.7,159085.53,159023.53,power_market/raw/dam/dam_2022-11.html
2022-11-04,96,4817.89,5048.29,3495.75,12000.0,166300.56,166300.56,power_market/raw/dam/dam_2022-11.html
2022-11-05,96,5174.49,5357.06,3720.04,12000.0,173713.82,173713.82,power_market/raw/dam/dam_2022-11.html
2022-11-06,96,4380.48,4479.48,3495.15,8862.11,178181.18,178181.18,power_market/raw/dam/dam_2022-11.html
2022-11-07,96,5138.88,5285.89,3790.33,12000.0,183751.51,183751.51,power_market/raw/dam/dam_2022-11.html
2022-11-08,96,4653.94,4760.0,3495.08,12000.0,192408.9,192408.9,power_market/raw/dam/dam_2022-11.html
2022-11-09,96,4715.59,4881.83,3621.55,12000.0,180180.58,180180.58,power_market/raw/dam/dam_2022-11.html
2022-11-10,96,4685.94,4853.6,3412.42,11000.35,176065.32,176065.32,power_market/raw/dam/dam_2022-11.html
2022-11-11,96,4309.34,4466.23,3171.03,12000.0,155296.54,155296.54,power_market/raw/dam/dam_2022-11.html
2022-11-12,96,4406.12,4507.67,3218.93,8250.44,168317.68,168317.68,power_market/raw/dam/dam_2022-11.html
2022-11-13,96,3849.53,3921.11,2962.57,5499.07,153766.36,153766.36,power_market/raw/dam/dam_2022-11.html
2022-11-14,96,4524.66,4689.87,2962.56,8862.3,173374.73,173374.73,power_market/raw/dam/dam_2022-11.html
2022-11-15,96,4304.21,4488.02,2999.69,9000.13,163286.37,163286.37,power_market/raw/dam/dam_2022-11.html
2022-11-16,96,4634.67,4782.33,2937.44,9000.47,180141.58,180141.58,power_market/raw/dam/dam_2022-11.html
2022-11-17,96,4799.23,4943.57,2999.45,9000.88,185488.64,185488.64,power_market/raw/dam/dam_2022-11.html
2022-11-18,96,4861.51,5076.27,2983.78,9500.3,164862.28,164862.28,power_market/raw/dam/dam_2022-11.html
2022-11-19,96,4860.5,5056.05,3001.34,9500.09,168731.71,168731.71,power_market/raw/dam/dam_2022-11.html
2022-11-20,96,4024.1,4093.35,2937.79,5800.05,160840.62,160840.62,power_market/raw/dam/dam_2022-11.html
2022-11-21,96,4765.64,5018.0,2862.8,9500.55,156759.66,156759.66,power_market/raw/dam/dam_2022-11.html
2022-11-22,96,4890.65,5153.88,2852.12,9500.2,170738.2,170738.2,power_market/raw/dam/dam_2022-11.html
2022-11-23,96,4682.08,5017.89,2721.61,11114.31,161137.15,161137.15,power_market/raw/dam/dam_2022-11.html
2022-11-24,96,4871.0,5243.36,2807.84,12000.0,155737.8,155737.8,power_market/raw/dam/dam_2022-11.html
2022-11-25,96,4951.07,5293.05,2721.91,12000.0,158644.39,158644.39,power_market/raw/dam/dam_2022-11.html
2022-11-26,96,4953.52,5256.5,2850.21,12000.0,171356.98,171356.98,power_market/raw/dam/dam_2022-11.html
2022-11-27,96,4027.59,4121.43,2850.85,5999.23,159759.54,159759.54,power_market/raw/dam/dam_2022-11.html
2022-11-28,96,4419.54,4633.5,2709.04,9800.17,180718.67,180718.67,power_market/raw/dam/dam_2022-11.html
2022-11-29,96,4483.22,4698.37,2807.43,8866.94,183511.43,183511.43,power_market/raw/dam/dam_2022-11.html
2022-11-30,96,4750.39,4996.56,2807.46,10000.28,184322.68,184322.68,power_market/raw/dam/dam_2022-11.html
2022-12-01,96,4826.14,5127.33,2709.32,9104.99,167137.36,167137.36,power_market/raw/dam/dam_2022-12.html
2022-12-02,96,4726.99,4980.23,2589.79,10000.01,170348.25,170348.25,power_market/raw/dam/dam_2022-12.html
2022-12-03,96,5245.35,5505.29,2807.7,11000.58,180473.53,180473.53,power_market/raw/dam/dam_2022-12.html
2022-12-04,96,4155.47,4299.52,2709.58,8000.13,159131.55,159131.55,power_market/raw/dam/dam_2022-12.html
2022-12-05,96,5102.55,5555.13,2749.5,12000.0,158102.14,158102.14,power_market/raw/dam/dam_2022-12.html
2022-12-06,96,4766.94,5127.8,2570.7,9200.08,160206.61,160206.61,power_market/raw/dam/dam_2022-12.html
2022-12-07,96,5176.21,5576.53,2807.15,10000.61,165922.27,165922.27,power_market/raw/dam/dam_2022-12.html
2022-12-08,96,5068.01,5349.66,2807.08,9000.59,168509.56,168509.56,power_market/raw/dam/dam_2022-12.html
2022-12-09,96,5120.53,5478.82,2652.28,9500.66,171317.86,171317.86,power_market/raw/dam/dam_2022-12.html
2022-12-10,96,4268.28,4453.74,2649.11,7702.8,170945.26,170945.26,power_market/raw/dam/dam_2022-12.html
2022-12-11,96,3684.64,3802.36,2499.32,6000.06,137731.06,137731.06,power_market/raw/dam/dam_2022-12.html
2022-12-12,96,4208.05,4474.59,2183.61,6516.43,134932.27,134932.27,power_market/raw/dam/dam_2022-12.html
2022-12-13,96,4144.56,4453.98,2085.59,7000.24,130072.41,130072.41,power_market/raw/dam/dam_2022-12.html
2022-12-14,96,4249.75,4514.82,1999.64,7180.82,135547.68,135547.68,power_market/raw/dam/dam_2022-12.html
2022-12-15,96,4420.31,4734.31,2109.49,7809.41,146791.29,146791.29,power_market/raw/dam/dam_2022-12.html
2022-12-16,96,5037.04,5330.57,2543.72,8900.6,161467.48,161467.48,power_market/raw/dam/dam_2022-12.html
2022-12-17,96,5434.88,5684.98,2620.44,11328.79,163995.02,163995.02,power_market/raw/dam/dam_2022-12.html
2022-12-18,96,4886.8,5159.95,2543.86,8000.58,174483.46,174483.46,power_market/raw/dam/dam_2022-12.html
2022-12-19,96,5925.16,6180.29,2600.07,12000.0,168158.41,168158.41,power_market/raw/dam/dam_2022-12.html
2022-12-20,96,5734.4,5967.37,2771.33,12000.0,174137.12,174137.12,power_market/raw/dam/dam_2022-12.html
2022-12-21,96,5451.0,5849.52,2543.66,12000.0,155896.62,155896.62,power_market/raw/dam/dam_2022-12.html
2022-12-22,96,5684.34,6063.08,2543.94,12000.0,164183.2,164183.2,power_market/raw/dam/dam_2022-12.html
2022-12-23,96,6070.49,6464.29,2360.2,12000.0,155039.81,155039.81,power_market/raw/dam/dam_2022-12.html
2022-12-24,96,5885.96,6449.23,2302.67,12000.0,159516.42,159516.42,power_market/raw/dam/dam_2022-12.html
2022-12-25,96,5169.75,5525.6,2449.06,12000.0,151775.61,151775.61,power_market/raw/dam/dam_2022-12.html
2022-12-26,96,6432.41,6930.35,2150.14,12000.0,166466.53,166466.53,power_market/raw/dam/dam_2022-12.html
2022-12-27,96,6548.15,7275.49,2138.78,12000.0,147847.17,147847.17,power_market/raw/dam/dam_2022-12.html
2022-12-28,96,5958.41,6378.37,2360.76,12000.0,166132.52,166132.52,power_market/raw/dam/dam_2022-12.html
2022-12-29,96,6191.27,6582.37,2449.84,12000.0,172301.29,172301.29,power_market/raw/dam/dam_2022-12.html
2022-12-30,96,6218.76,6513.84,2510.32,12000.0,156440.12,156440.12,power_market/raw/dam/dam_2022-12.html
2022-12-31,96,6564.5,6845.2,2449.16,12000.0,182425.13,182425.13,power_market/raw/dam/dam_2022-12.html
2023-01-01,96,4917.75,5127.82,2360.82,8400.94,190892.77,190892.77,power_market/raw/dam/dam_2023-01.html
2023-01-02,96,5906.32,6384.18,1999.68,12000.0,185357.85,185357.85,power_market/raw/dam/dam_2023-01.html
2023-01-03,96,5373.37,5762.79,2138.73,10070.21,172497.35,172497.35,power_market/raw/dam/dam_2023-01.html
2023-01-04,96,6015.31,6386.31,2500.37,12000.0,149955.93,149955.93,power_market/raw/dam/dam_2023-01.html
2023-01-05,96,6909.16,7212.59,2449.57,12000.0,152698.11,152698.11,power_market/raw/dam/dam_2023-01.html
2023-01-06,96,7228.08,7581.34,2200.95,12000.0,159528.77,159528.77,power_market/raw/dam/dam_2023-01.html
2023-01-07,96,7702.27,8032.4,2151.94,12000.0,177270.47,177270.47,power_market/raw/dam/dam_2023-01.html
2023-01-08,96,5852.16,6268.1,2540.43,12000.0,198296.03,198296.03,power_market/raw/dam/dam_2023-01.html
2023-01-09,96,7552.79,7646.32,2449.87,12000.0,161487.59,161487.59,power_market/raw/dam/dam_2023-01.html
2023-01-10,96,8085.16,8083.2,2891.12,12000.0,145166.67,145166.67,power_market/raw/dam/dam_2023-01.html
2023-01-11,96,8686.96,8390.68,2891.64,12000.0,129044.01,129044.01,power_market/raw/dam/dam_2023-01.html
2023-01-12,96,8412.51,8339.16,2840.08,12000.0,154713.97,154713.97,power_market/raw/dam/dam_2023-01.html
2023-01-13,96,8522.05,8285.68,2768.15,12000.0,155553.54,155553.54,power_market/raw/dam/dam_2023-01.html
2023-01-14,96,7832.26,7811.71,2891.89,12000.0,145186.67,145186.67,power_market/raw/dam/dam_2023-01.html
2023-01-15,96,6429.6,6657.68,2840.34,12000.0,153710.97,153710.97,power_market/raw/dam/dam_2023-01.html
2023-01-16,96,6207.22,6597.6,2450.36,12000.0,144140.38,144140.38,power_market/raw/dam/dam_2023-01.html
2023-01-17,96,6338.73,6622.98,2631.72,12000.0,147851.27,147851.27,power_market/raw/dam/dam_2023-01.html
2023-01-18,96,6024.37,6366.57,2740.82,12000.0,152018.9,152018.9,power_market/raw/dam/dam_2023-01.html
2023-01-19,96,6309.66,6740.78,2698.98,12000.0,164259.21,164259.21,power_market/raw/dam/dam_2023-01.html
2023-01-20,96,6958.49,7418.49,2822.88,12000.0,144366.4,144366.4,power_market/raw/dam/dam_2023-01.html
2023-01-21,96,6935.78,7465.37,2762.69,12000.0,167166.85,167166.85,power_market/raw/dam/dam_2023-01.html
2023-01-22,96,4668.63,4819.03,2631.45,8863.37,161253.5,161253.5,power_market/raw/dam/dam_2023-01.html
2023-01-23,96,6043.36,6562.15,2450.47,12000.0,163594.68,163594.68,power_market/raw/dam/dam_2023-01.html
2023-01-24,96,4912.39,5294.02,2425.36,12000.0,170399.82,170399.82,power_market/raw/dam/dam_2023-01.html
2023-01-25,96,5037.62,5266.88,2500.72,12000.0,164743.21,164743.21,power_market/raw/dam/dam_2023-01.html
2023-01-26,96,3884.87,4071.5,2249.28,8250.49,129238.72,129238.72,power_market/raw/dam/dam_2023-01.html
2023-01-27,96,4615.83,4738.51,2118.55,12000.0,143343.81,143343.81,power_market/raw/dam/dam_2023-01.html
2023-01-28,96,4982.02,5026.23,2659.53,12000.0,163357.76,163357.76,power_market/raw/dam/dam_2023-01.html
2023-01-29,96,3938.91,4053.81,2698.65,7999.88,169740.99,169740.99,power_market/raw/dam/dam_2023-01.html
2023-01-30,96,4975.26,5004.88,2822.18,12000.0,184870.4,184870.4,power_market/raw/dam/dam_2023-01.html
2023-01-31,96,4288.9,4389.69,2730.31,12000.0,146254.47,146254.47,power_market/raw/dam/dam_2023-01.html
2023-02-01,96,4920.16,5034.69,2822.51,12000.0,136155.62,136155.62,power_market/raw/dam/dam_2023-02.html
2023-02-02,96,5054.95,5146.64,2870.48,12000.0,136087.5,136087.5,power_market/raw/dam/dam_2023-02.html
2023-02-03,96,4855.84,4921.02,2958.08,12000.0,152397.18,152397.18,power_market/raw/dam/dam_2023-02.html
2023-02-04,96,4873.16,4946.96,3058.14,12000.0,153648.34,153648.34,power_market/raw/dam/dam_2023-02.html
2023-02-05,96,4201.78,4359.48,2950.19,6210.64,168199.67,168199.67,power_market/raw/dam/dam_2023-02.html
2023-02-06,96,5152.91,5326.01,2978.52,12000.0,161082.65,161082.65,power_market/raw/dam/dam_2023-02.html
2023-02-07,96,4299.96,4430.7,2910.18,12000.0,169105.72,169105.72,power_market/raw/dam/dam_2023-02.html
2023-02-08,96,4770.82,4869.69,2958.74,12000.0,175004.18,175004.18,power_market/raw/dam/dam_2023-02.html
2023-02-09,96,5185.47,5291.51,3136.82,12000.0,162702.34,162702.34,power_market/raw/dam/dam_2023-02.html
2023-02-10,96,5608.81,5634.19,3450.28,12000.0,167136.04,167136.04,power_market/raw/dam/dam_2023-02.html
2023-02-11,96,5928.3,6316.33,2882.0,12000.0,152619.58,152619.58,power_market/raw/dam/dam_2023-02.html
2023-02-12,96,5086.71,5708.25,2992.7,12000.0,160694.34,160694.34,power_market/raw/dam/dam_2023-02.html
2023-02-13,96,6796.66,6930.66,3322.75,12000.0,175569.38,175569.38,power_market/raw/dam/dam_2023-02.html
2023-02-14,96,6878.96,6924.12,3450.82,12000.0,191445.71,191445.71,power_market/raw/dam/dam_2023-02.html
2023-02-15,96,7410.58,7218.7,3768.74,12000.0,189237.11,189237.11,power_market/raw/dam/dam_2023-02.html
2023-02-16,96,7852.45,7459.72,3877.79,12000.0,173413.51,173413.51,power_market/raw/dam/dam_2023-02.html
2023-02-17,96,8473.96,8005.33,3877.57,12000.0,180784.38,180784.38,power_market/raw/dam/dam_2023-02.html
2023-02-18,96,8960.79,8403.27,4165.78,12000.0,175040.89,175040.89,power_market/raw/dam/dam_2023-02.html
2023-02-19,96,6126.14,6238.8,3562.81,12000.0,202998.67,202998.67,power_market/raw/dam/dam_2023-02.html
2023-02-20,96,7994.39,7669.67,3877.83,12000.0,173760.61,173760.61,power_market/raw/dam/dam_2023-02.html
2023-02-21,96,8114.45,7630.38,3767.06,12000.0,177546.92,177546.92,power_market/raw/dam/dam_2023-02.html
2023-02-22,96,7244.28,6839.43,3767.52,12000.0,163736.36,163736.36,power_market/raw/dam/dam_2023-02.html
2023-02-23,96,7838.08,7463.42,4070.32,12000.0,165816.79,165816.79,power_market/raw/dam/dam_2023-02.html
2023-02-24,96,8368.2,7939.63,4570.81,12000.0,145363.92,145363.92,power_market/raw/dam/dam_2023-02.html
2023-02-25,96,8861.24,8683.59,4128.22,12000.0,154600.16,154600.16,power_market/raw/dam/dam_2023-02.html
2023-02-26,96,8124.89,8149.63,4059.38,12000.0,169964.81,169964.81,power_market/raw/dam/dam_2023-02.html
2023-02-27,96,8988.42,8708.11,5000.15,12000.0,163891.15,163891.15,power_market/raw/dam/dam_2023-02.html
2023-02-28,96,9081.91,8834.38,5000.08,12000.0,160758.39,160758.39,power_market/raw/dam/dam_2023-02.html
2023-03-01,96,9697.02,9410.39,5000.0,12000.0,140962.18,140962.18,power_market/raw/dam/dam_2023-03.html
2023-03-02,96,6347.57,6199.79,3618.61,12000.0,149407.45,149407.45,power_market/raw/dam/dam_2023-03.html
2023-03-03,96,7859.51,7711.58,3562.99,12000.0,149751.15,149751.15,power_market/raw/dam/dam_2023-03.html
2023-03-04,96,8528.47,8323.3,3848.61,12000.0,156353.06,156353.06,power_market/raw/dam/dam_2023-03.html
2023-03-05,96,6386.68,6407.73,3500.97,10500.5,161973.18,161973.18,power_market/raw/dam/dam_2023-03.html
2023-03-06,96,6758.31,6821.66,3540.15,12000.0,154428.96,154428.96,power_market/raw/dam/dam_2023-03.html
2023-03-07,96,5774.1,5950.88,3390.68,12000.0,156991.47,156991.47,power_market/raw/dam/dam_2023-03.html
2023-03-08,96,3780.95,3798.57,2989.36,4981.61,113253.47,113253.47,power_market/raw/dam/dam_2023-03.html
2023-03-09,96,5450.86,5400.19,3468.81,8888.1,159022.43,159022.43,power_market/raw/dam/dam_2023-03.html
2023-03-10,96,5529.64,5502.25,3519.3,11499.82,173177.45,173177.45,power_market/raw/dam/dam_2023-03.html
2023-03-11,96,5544.31,5562.86,3455.57,12000.0,169988.84,169988.84,power_market/raw/dam/dam_2023-03.html
2023-03-12,96,5199.51,5402.02,2870.61,7998.94,164868.91,164868.91,power_market/raw/dam/dam_2023-03.html
2023-03-13,96,5740.73,5682.05,3455.67,11499.08,174862.63,174862.63,power_market/raw/dam/dam_2023-03.html
2023-03-14,96,5542.81,5500.87,3455.49,11149.67,175949.83,175949.83,power_market/raw/dam/dam_2023-03.html
2023-03-15,96,6174.39,6093.78,3618.63,12000.0,156508.93,156508.93,power_market/raw/dam/dam_2023-03.html
2023-03-16,96,5942.69,5871.84,3571.1,12000.0,158687.06,158687.06,power_market/raw/dam/dam_2023-03.html
2023-03-17,96,5094.68,5107.01,3477.46,10999.0,137575.53,137575.53,power_market/raw/dam/dam_2023-03.html
2023-03-18,96,4922.81,4952.76,3190.18,9529.87,122771.06,122771.06,power_market/raw/dam/dam_2023-03.html
2023-03-19,96,4600.0,4649.44,2948.51,7000.05,108253.72,108253.72,power_market/raw/dam/dam_2023-03.html
2023-03-20,96,4076.5,4018.63,2800.54,8998.99,134497.13,134497.13,power_market/raw/dam/dam_2023-03.html
2023-03-21,96,3241.76,3233.7,2399.19,6319.51,129671.82,129671.82,power_market/raw/dam/dam_2023-03.html
2023-03-22,96,3775.53,3739.96,2224.67,8998.58,147918.8,147918.8,power_market/raw/dam/dam_2023-03.html
2023-03-23,96,4089.57,4062.5,2500.52,8998.57,156112.51,156112.51,power_market/raw/dam/dam_2023-03.html
2023-03-24,96,4309.91,4336.88,2707.38,7800.36,136445.9,136445.9,power_market/raw/dam/dam_2023-03.html
2023-03-25,96,4453.3,4325.81,2399.59,9500.87,145670.42,145670.42,power_market/raw/dam/dam_2023-03.html
2023-03-26,96,4010.06,4019.19,2360.12,7232.76,157405.06,157405.06,power_market/raw/dam/dam_2023-03.html
2023-03-27,96,4992.35,4975.2,2694.05,12000.0,159369.89,159369.89,power_market/raw/dam/dam_2023-03.html
2023-03-28,96,5149.66,5075.93,2733.85,12000.0,169990.66,169990.66,power_market/raw/dam/dam_2023-03.html
2023-03-29,96,5662.58,5635.46,2707.56,12000.0,174075.71,174075.71,power_market/raw/dam/dam_2023-03.html
2023-03-30,96,5441.03,5375.79,2815.8,8998.8,167908.22,167908.22,power_market/raw/dam/dam_2023-03.html
2023-03-31,96,4143.72,4111.13,2707.37,6000.15,154528.7,154528.7,power_market/raw/dam/dam_2023-03.html
2023-04-01,96,4315.01,4336.2,2224.62,7000.97,167206.29,167206.29,power_market/raw/dam/dam_2023-04.html
2023-04-02,96,3504.74,3550.58,2009.25,4649.13,153660.62,153660.62,power_market/raw/dam/dam_2023-04.html
2023-04-03,96,4124.72,4154.05,2450.2,6975.06,161210.84,161041.27,power_market/raw/dam/dam_2023-04.html
2023-04-04,96,4278.65,4229.25,2701.3,6100.83,155332.42,155332.42,power_market/raw/dam/dam_2023-04.html
2023-04-05,96,4342.78,4221.88,2629.59,7359.14,146948.68,146948.68,power_market/raw/dam/dam_2023-04.html
2023-04-06,96,4675.32,4491.14,2707.45,7860.8,158728.15,158728.15,power_market/raw/dam/dam_2023-04.html
2023-04-07,96,4466.46,4366.24,2399.63,7999.92,165202.4,165202.4,power_market/raw/dam/dam_2023-04.html
2023-04-08,96,5344.99,4976.43,2500.08,10000.0,163459.84,163459.84,power_market/raw/dam/dam_2023-04.html
2023-04-09,96,5189.64,4979.86,2139.25,10000.0,188884.51,188884.51,power_market/raw/dam/dam_2023-04.html
2023-04-10,96,6703.17,6143.06,2869.47,10000.0,190835.44,190835.44,power_market/raw/dam/dam_2023-04.html
2023-04-11,96,6813.49,6294.93,2923.78,10000.0,180973.47,180973.47,power_market/raw/dam/dam_2023-04.html
2023-04-12,96,6977.55,6282.15,2869.53,10000.0,174346.56,174346.56,power_market/raw/dam/dam_2023-04.html
2023-04-13,96,6890.49,6070.14,2869.69,10000.0,153460.99,153460.99,power_market/raw/dam/dam_2023-04.html
2023-04-14,96,6903.04,6249.03,2800.66,10000.0,151203.51,151203.51,power_market/raw/dam/dam_2023-04.html
2023-04-15,96,7163.9,6320.57,2911.49,10000.0,146942.66,146942.66,power_market/raw/dam/dam_2023-04.html
2023-04-16,96,6651.62,6176.53,2807.71,10000.0,141071.26,141071.26,power_market/raw/dam/dam_2023-04.html
2023-04-17,96,7037.56,6388.54,2884.12,10000.0,156959.78,150772.89,power_market/raw/dam/dam_2023-04.html
2023-04-18,96,7162.8,6740.58,3340.61,10000.0,163506.84,154544.37,power_market/raw/dam/dam_2023-04.html
2023-04-19,96,7431.81,7034.59,3500.45,10000.0,169131.71,160267.95,power_market/raw/dam/dam_2023-04.html
2023-04-20,96,7063.19,6011.26,3498.47,10000.0,135615.94,128539.42,power_market/raw/dam/dam_2023-04.html
2023-04-21,96,7103.74,6065.84,3511.4,10000.0,122440.88,111034.29,power_market/raw/dam/dam_2023-04.html
2023-04-22,96,6218.66,5639.16,2807.43,10000.0,108659.96,105131.32,power_market/raw/dam/dam_2023-04.html
2023-04-23,96,3919.76,3896.09,1999.39,6975.06,109767.86,109450.34,power_market/raw/dam/dam_2023-04.html
2023-04-24,96,5002.8,4910.88,2815.9,10000.0,128551.09,125255.44,power_market/raw/dam/dam_2023-04.html
2023-04-25,96,4188.0,4119.13,2629.08,7200.41,129752.48,128116.6,power_market/raw/dam/dam_2023-04.html
2023-04-26,96,4218.47,4129.08,2528.95,7136.5,130603.46,128955.3,power_market/raw/dam/dam_2023-04.html
2023-04-27,96,3975.66,3874.58,2807.31,5999.39,131434.59,130158.42,power_market/raw/dam/dam_2023-04.html
2023-04-28,96,4025.2,3954.43,2873.3,6999.63,132027.47,131225.63,power_market/raw/dam/dam_2023-04.html
2023-04-29,96,3790.61,3750.84,2450.3,5529.44,130559.92,130699.32,power_market/raw/dam/dam_2023-04.html
2023-04-30,96,3033.19,2998.55,1900.21,4129.23,116949.78,115478.26,power_market/raw/dam/dam_2023-04.html
2023-05-01,96,2840.51,2903.64,1779.42,3999.72,90102.73,90102.73,power_market/raw/dam/dam_2023-05.html
2023-05-02,96,3042.68,3055.14,1999.75,4530.64,112092.19,112092.19,power_market/raw/dam/dam_2023-05.html
2023-05-03,96,3114.5,3180.99,1900.62,5999.3,122354.37,122354.37,power_market/raw/dam/dam_2023-05.html
2023-05-04,96,3609.86,3630.04,1999.86,6127.72,122990.23,122990.23,power_market/raw/dam/dam_2023-05.html
2023-05-05,96,3639.64,3675.95,2420.64,6001.0,119950.43,119950.43,power_market/raw/dam/dam_2023-05.html
2023-05-06,96,3833.42,3829.27,2528.53,6355.47,131151.52,131151.52,power_market/raw/dam/dam_2023-05.html
2023-05-07,96,3635.27,3648.69,1999.83,5700.45,132028.5,132028.5,power_market/raw/dam/dam_2023-05.html
2023-05-08,96,5235.14,5036.23,2911.49,10000.0,135755.0,135755.0,power_market/raw/dam/dam_2023-05.html
2023-05-09,96,5354.91,5318.52,2860.89,10000.0,135200.53,135200.53,power_market/raw/dam/dam_2023-05.html
2023-05-10,96,6060.01,5722.98,3102.88,10000.0,141932.1,142345.05,power_market/raw/dam/dam_2023-05.html
2023-05-11,96,5543.41,5349.82,3176.66,10000.0,132997.51,132997.51,power_market/raw/dam/dam_2023-05.html
2023-05-12,96,5799.13,5570.63,3299.72,10000.0,135639.63,135639.63,power_market/raw/dam/dam_2023-05.html
2023-05-13,96,4930.44,4962.93,2899.25,10000.0,151216.68,151216.68,power_market/raw/dam/dam_2023-05.html
2023-05-14,96,4061.72,4110.29,1999.87,10000.0,131188.71,131188.71,power_market/raw/dam/dam_2023-05.html
2023-05-15,96,4822.31,5016.11,3000.14,10000.0,126385.99,126385.99,power_market/raw/dam/dam_2023-05.html
2023-05-16,96,4603.59,4730.93,2700.62,10000.0,121905.49,121905.49,power_market/raw/dam/dam_2023-05.html
2023-05-17,96,5711.29,5749.79,2790.98,10000.0,119540.15,119540.15,power_market/raw/dam/dam_2023-05.html
2023-05-18,96,6677.67,6061.33,3383.87,10000.0,133325.39,133325.39,power_market/raw/dam/dam_2023-05.html
2023-05-19,96,6523.18,6227.88,3178.52,10000.0,142887.81,142887.81,power_market/raw/dam/dam_2023-05.html
2023-05-20,96,6574.88,6344.38,3452.54,10000.0,142295.84,142295.84,power_market/raw/dam/dam_2023-05.html
2023-05-21,96,5116.54,5440.37,1999.62,10000.0,130089.55,130089.55,power_market/raw/dam/dam_2023-05.html
2023-05-22,96,5618.67,5955.52,3198.79,10000.0,144738.31,144738.31,power_market/raw/dam/dam_2023-05.html
2023-05-23,96,5017.12,5114.18,3148.21,9999.78,127597.25,127597.25,power_market/raw/dam/dam_2023-05.html
2023-05-24,96,5022.03,5042.6,2800.7,9999.47,136569.34,136569.34,power_market/raw/dam/dam_2023-05.html
2023-05-25,96,3470.08,3416.19,2040.67,6659.09,133426.19,133426.19,power_market/raw/dam/dam_2023-05.html
2023-05-26,96,3504.13,3577.28,2298.78,6010.09,119611.26,119611.26,power_market/raw/dam/dam_2023-05.html
2023-05-27,96,2897.59,3010.98,1841.44,5569.27,123621.75,123621.75,power_market/raw/dam/dam_2023-05.html
2023-05-28,96,3655.31,3746.4,1799.17,6729.7,121518.21,121518.21,power_market/raw/dam/dam_2023-05.html
2023-05-29,96,5576.32,5497.69,2750.45,10000.0,129749.61,129749.61,power_market/raw/dam/dam_2023-05.html
2023-05-30,96,5436.19,5419.77,2814.69,10000.0,125357.04,125357.04,power_market/raw/dam/dam_2023-05.html
2023-05-31,96,5943.32,5796.67,2829.72,10000.0,126125.51,126125.51,power_market/raw/dam/dam_2023-05.html
2023-06-01,96,6060.58,5824.44,2888.82,10000.0,156409.64,156409.64,power_market/raw/dam/dam_2023-06.html
2023-06-02,96,5641.76,5484.91,2642.3,10000.0,170591.04,170591.04,power_market/raw/dam/dam_2023-06.html
2023-06-03,96,5770.27,5652.39,2830.22,10000.0,161027.37,161027.37,power_market/raw/dam/dam_2023-06.html
2023-06-04,96,5690.8,5767.79,2699.89,10000.0,155368.28,155368.28,power_market/raw/dam/dam_2023-06.html
2023-06-05,96,5713.95,5519.61,3147.49,10000.0,161751.84,161751.84,power_market/raw/dam/dam_2023-06.html
2023-06-06,96,6527.92,5952.11,3396.82,10000.0,130210.04,130210.04,power_market/raw/dam/dam_2023-06.html
2023-06-07,96,6520.71,6013.02,3290.45,10000.0,133082.07,133082.07,power_market/raw/dam/dam_2023-06.html
2023-06-08,96,6281.36,5666.94,3322.94,10000.0,139278.24,139278.24,power_market/raw/dam/dam_2023-06.html
2023-06-09,96,6395.5,5995.29,3650.1,10000.0,135361.94,135361.94,power_market/raw/dam/dam_2023-06.html
2023-06-10,96,6551.3,5906.11,3554.21,10000.0,126293.58,126293.58,power_market/raw/dam/dam_2023-06.html
2023-06-11,96,5144.46,5257.78,2760.01,10000.0,128040.58,128040.58,power_market/raw/dam/dam_2023-06.html
2023-06-12,96,5588.93,5542.31,2960.05,10000.0,138432.36,138432.36,power_market/raw/dam/dam_2023-06.html
2023-06-13,96,5481.25,5398.62,1999.76,10000.0,123280.51,123280.51,power_market/raw/dam/dam_2023-06.html
2023-06-14,96,5666.47,5525.88,2000.88,10000.0,128001.44,128001.44,power_market/raw/dam/dam_2023-06.html
2023-06-15,96,5242.61,5035.06,1999.33,10000.0,114913.84,114913.84,power_market/raw/dam/dam_2023-06.html
2023-06-16,96,6020.42,5629.85,1999.5,10000.0,117132.93,117132.93,power_market/raw/dam/dam_2023-06.html
2023-06-17,96,6793.4,6398.46,2999.01,10000.0,123601.34,123601.34,power_market/raw/dam/dam_2023-06.html
2023-06-18,96,5424.31,5248.36,1329.0,10000.0,120164.72,120164.72,power_market/raw/dam/dam_2023-06.html
2023-06-19,96,5812.75,5166.12,1864.94,10000.0,138746.64,138746.64,power_market/raw/dam/dam_2023-06.html
2023-06-20,96,5535.99,4995.2,2110.45,10000.0,144081.36,144081.36,power_market/raw/dam/dam_2023-06.html
2023-06-21,96,6041.53,5483.19,2783.49,10000.0,148601.15,148601.15,power_market/raw/dam/dam_2023-06.html
2023-06-22,96,5779.96,5267.17,2733.07,10000.0,142178.4,142178.4,power_market/raw/dam/dam_2023-06.html
2023-06-23,96,5038.59,4941.66,2097.29,10000.0,147806.42,147806.42,power_market/raw/dam/dam_2023-06.html
2023-06-24,96,5518.0,5314.97,2699.23,10000.0,152688.51,152688.51,power_market/raw/dam/dam_2023-06.html
2023-06-25,96,4241.35,4488.62,1499.28,10000.0,143955.18,143314.96,power_market/raw/dam/dam_2023-06.html
2023-06-26,96,3079.14,3132.32,1502.69,10000.0,130684.56,130684.56,power_market/raw/dam/dam_2023-06.html
2023-06-27,96,3241.05,3270.54,1988.77,6499.99,130148.36,130148.36,power_market/raw/dam/dam_2023-06.html
2023-06-28,96,3644.32,3669.77,1989.28,9160.13,127559.49,127559.49,power_market/raw/dam/dam_2023-06.html
2023-06-29,96,2918.36,2902.61,1999.07,4999.71,130554.45,130554.45,power_market/raw/dam/dam_2023-06.html
2023-06-30,96,3725.97,3671.95,1999.75,9063.38,124032.0,124032.0,power_market/raw/dam/dam_2023-06.html
2023-07-01,96,3468.64,3552.81,1999.54,10000.0,135723.6,135723.6,power_market/raw/dam/dam_2023-07.html
2023-07-02,96,3077.73,3249.42,1419.44,5882.07,137708.94,137708.94,power_market/raw/dam/dam_2023-07.html
2023-07-03,96,4621.29,4598.82,2646.29,10000.0,133111.8,133111.8,power_market/raw/dam/dam_2023-07.html
2023-07-04,96,4927.94,4832.51,2753.99,10000.0,130850.73,130850.73,power_market/raw/dam/dam_2023-07.html
2023-07-05,96,5218.0,4903.81,2755.02,10000.0,127207.45,127207.45,power_market/raw/dam/dam_2023-07.html
2023-07-06,96,5230.51,5028.17,2771.36,10000.0,135030.87,135030.87,power_market/raw/dam/dam_2023-07.html
2023-07-07,96,4103.56,3958.76,2112.24,10000.0,113270.94,113270.94,power_market/raw/dam/dam_2023-07.html
2023-07-08,96,3459.48,3416.95,2350.27,6510.42,123380.5,123380.5,power_market/raw/dam/dam_2023-07.html
2023-07-09,96,2437.58,2523.94,999.84,4700.09,106130.07,106130.07,power_market/raw/dam/dam_2023-07.html
2023-07-10,96,3844.46,3826.39,2189.82,8500.14,133261.31,133261.31,power_market/raw/dam/dam_2023-07.html
2023-07-11,96,5264.91,4932.56,3020.11,10000.0,128811.81,128811.81,power_market/raw/dam/dam_2023-07.html
2023-07-12,96,4873.23,4723.17,2915.79,10000.0,135106.06,135106.06,power_market/raw/dam/dam_2023-07.html
2023-07-13,96,5410.63,4991.0,3230.91,10000.0,144295.34,144295.34,power_market/raw/dam/dam_2023-07.html
2023-07-14,96,5624.73,5221.73,3315.97,10000.0,141044.97,141044.97,power_market/raw/dam/dam_2023-07.html
2023-07-15,96,5602.54,5096.78,3219.61,10000.0,150078.01,150078.01,power_market/raw/dam/dam_2023-07.html
2023-07-16,96,5259.43,4913.61,2500.76,10000.0,133435.21,133435.21,power_market/raw/dam/dam_2023-07.html
2023-07-17,96,5247.46,4938.08,3140.13,10000.0,138482.65,138482.65,power_market/raw/dam/dam_2023-07.html
2023-07-18,96,4941.15,4552.37,2976.0,10000.0,141067.68,141067.68,power_market/raw/dam/dam_2023-07.html
2023-07-19,96,4570.36,4535.41,2750.89,10000.0,132139.91,132139.91,power_market/raw/dam/dam_2023-07.html
2023-07-20,96,4953.99,4851.37,2796.13,10000.0,127514.37,127514.37,power_market/raw/dam/dam_2023-07.html
2023-07-21,96,5355.46,5191.81,3000.32,10000.0,128778.97,128778.97,power_market/raw/dam/dam_2023-07.html
2023-07-22,96,5304.38,5333.16,3059.73,10000.0,141170.1,141170.1,power_market/raw/dam/dam_2023-07.html
2023-07-23,96,4327.71,4833.82,1999.69,10000.0,126115.34,126115.34,power_market/raw/dam/dam_2023-07.html
2023-07-24,96,4804.36,4912.11,2800.02,10000.0,116656.91,116656.91,power_market/raw/dam/dam_2023-07.html
2023-07-25,96,4917.98,5152.93,2780.88,10000.0,120697.27,120697.27,power_market/raw/dam/dam_2023-07.html
2023-07-26,96,5161.17,5471.64,2687.73,10000.0,120990.4,120990.4,power_market/raw/dam/dam_2023-07.html
2023-07-27,96,4583.16,5027.31,2796.57,10000.0,114663.24,114663.24,power_market/raw/dam/dam_2023-07.html
2023-07-28,96,3608.53,3665.12,2510.62,7466.06,108992.28,108992.28,power_market/raw/dam/dam_2023-07.html
2023-07-29,96,3393.48,3393.68,1999.01,6510.76,107313.19,107313.19,power_market/raw/dam/dam_2023-07.html
2023-07-30,96,2852.38,2812.25,1429.4,5669.38,108966.94,108966.94,power_market/raw/dam/dam_2023-07.html
2023-07-31,96,4530.49,4746.25,2187.85,10000.0,124204.71,124204.71,power_market/raw/dam/dam_2023-07.html
2023-08-01,96,5136.95,5517.6,2499.4,10000.0,145052.89,145052.89,power_market/raw/dam/dam_2023-08.html
2023-08-02,96,3729.75,3749.36,2080.18,8499.55,120402.42,120402.42,power_market/raw/dam/dam_2023-08.html
2023-08-03,96,3387.97,3425.42,1999.74,6029.59,107467.42,107467.42,power_market/raw/dam/dam_2023-08.html
2023-08-04,96,3962.74,4082.89,2193.16,9949.63,136694.39,136694.39,power_market/raw/dam/dam_2023-08.html
2023-08-05,96,4306.35,4477.53,2669.37,10000.0,153662.77,153662.77,power_market/raw/dam/dam_2023-08.html
2023-08-06,96,3366.07,3394.14,1979.8,5510.32,123898.87,123898.87,power_market/raw/dam/dam_2023-08.html
2023-08-07,96,4880.85,4981.41,2149.57,10000.0,142366.66,142366.66,power_market/raw/dam/dam_2023-08.html
2023-08-08,96,5090.24,4763.33,2380.84,10000.0,140947.9,140947.9,power_market/raw/dam/dam_2023-08.html
2023-08-09,96,6404.96,5848.38,3069.64,10000.0,143561.57,143561.57,power_market/raw/dam/dam_2023-08.html
2023-08-10,96,7437.28,6898.43,3581.14,10000.0,142534.75,142534.75,power_market/raw/dam/dam_2023-08.html
2023-08-11,96,7991.22,7254.88,3914.69,10000.0,145614.93,145614.93,power_market/raw/dam/dam_2023-08.html
2023-08-12,96,7799.78,7211.7,3972.6,10000.0,121571.51,121571.51,power_market/raw/dam/dam_2023-08.html
2023-08-13,96,5882.67,5417.83,2968.01,10000.0,129880.26,129880.26,power_market/raw/dam/dam_2023-08.html
2023-08-14,96,6205.69,5529.26,3370.53,10000.0,145464.59,145464.59,power_market/raw/dam/dam_2023-08.html
2023-08-15,96,5364.07,5088.42,2289.7,10000.0,143896.36,143896.36,power_market/raw/dam/dam_2023-08.html
2023-08-16,96,7733.41,7142.36,4768.49,10000.0,139489.18,139489.18,power_market/raw/dam/dam_2023-08.html
2023-08-17,96,8937.44,8524.29,5000.69,10000.0,126134.87,126134.87,power_market/raw/dam/dam_2023-08.html
2023-08-18,96,9229.41,8889.99,5622.37,10000.0,120210.69,120210.69,power_market/raw/dam/dam_2023-08.html
2023-08-19,96,8906.86,8351.18,5139.3,10000.0,124459.88,124459.88,power_market/raw/dam/dam_2023-08.html
2023-08-20,96,6903.68,6243.17,3420.45,10000.0,116237.27,116237.27,power_market/raw/dam/dam_2023-08.html
2023-08-21,96,8033.56,7443.81,4500.24,10000.0,117683.22,117683.22,power_market/raw/dam/dam_2023-08.html
2023-08-22,96,9363.97,9033.26,6000.07,10000.0,112014.99,112014.99,power_market/raw/dam/dam_2023-08.html
2023-08-23,96,9326.52,8981.07,5715.31,10000.0,76230.46,76230.46,power_market/raw/dam/dam_2023-08.html
2023-08-24,96,8156.6,7556.56,3930.48,10000.0,110352.09,110352.09,power_market/raw/dam/dam_2023-08.html
2023-08-25,96,8305.16,7866.72,4000.59,10000.0,119495.35,119495.35,power_market/raw/dam/dam_2023-08.html
2023-08-26,96,7930.15,7386.42,3930.31,10000.0,122629.86,122629.86,power_market/raw/dam/dam_2023-08.html
2023-08-27,96,6341.9,5880.76,2768.27,10000.0,124192.26,124192.26,power_market/raw/dam/dam_2023-08.html
2023-08-28,96,7961.62,7472.99,4102.35,10000.0,120284.64,120284.64,power_market/raw/dam/dam_2023-08.html
2023-08-29,96,7921.92,7494.13,4159.4,10000.0,105870.03,105870.03,power_market/raw/dam/dam_2023-08.html
2023-08-30,96,8640.8,8172.96,4709.59,10000.0,111713.96,111713.96,power_market/raw/dam/dam_2023-08.html
2023-08-31,96,9072.23,8789.03,4999.78,10000.0,91390.91,91390.91,power_market/raw/dam/dam_2023-08.html
2023-09-01,96,10000.0,10000.0,10000.0,10000.0,74076.54,74076.54,power_market/raw/dam/dam_2023-09.html
2023-09-02,96,10000.0,10000.0,10000.0,10000.0,68077.55,68077.55,power_market/raw/dam/dam_2023-09.html
2023-09-03,96,10000.0,10000.0,10000.0,10000.0,75449.54,75449.54,power_market/raw/dam/dam_2023-09.html
2023-09-04,96,10000.0,10000.0,10000.0,10000.0,76312.0,76312.0,power_market/raw/dam/dam_2023-09.html
2023-09-05,96,8955.26,8565.33,5000.5,10000.0,120604.22,120604.22,power_market/raw/dam/dam_2023-09.html
2023-09-06,96,7992.5,7603.79,4246.01,10000.0,126654.75,126654.75,power_market/raw/dam/dam_2023-09.html
2023-09-07,96,6722.43,6293.2,3281.92,10000.0,129155.96,129155.96,power_market/raw/dam/dam_2023-09.html
2023-09-08,96,5976.85,5733.19,2920.95,10000.0,102067.36,102067.36,power_market/raw/dam/dam_2023-09.html
2023-09-09,96,5871.89,5557.18,2805.97,10000.0,116862.66,116862.66,power_market/raw/dam/dam_2023-09.html
2023-09-10,96,3700.29,3591.01,1700.33,6250.81,100418.49,100418.49,power_market/raw/dam/dam_2023-09.html
2023-09-11,96,4432.25,4305.04,1500.94,8500.15,102942.8,102942.8,power_market/raw/dam/dam_2023-09.html
2023-09-12,96,4954.38,4741.58,2855.06,10000.0,93501.93,93501.93,power_market/raw/dam/dam_2023-09.html
2023-09-13,96,5994.31,5919.14,3360.32,10000.0,96863.0,96863.0,power_market/raw/dam/dam_2023-09.html
2023-09-14,96,6754.77,6378.6,3869.31,10000.0,101263.48,101263.48,power_market/raw/dam/dam_2023-09.html
2023-09-15,96,7813.53,7536.91,4542.02,10000.0,115401.82,115401.82,power_market/raw/dam/dam_2023-09.html
2023-09-16,96,6858.95,6722.37,4091.67,10000.0,118413.57,118413.57,power_market/raw/dam/dam_2023-09.html
2023-09-17,96,4053.09,3972.93,2581.61,5475.11,122263.47,122263.47,power_market/raw/dam/dam_2023-09.html
2023-09-18,96,4011.54,3974.76,2249.04,9529.9,139117.1,139117.1,power_market/raw/dam/dam_2023-09.html
2023-09-19,96,4259.13,4256.27,3000.21,6510.01,131635.99,131635.99,power_market/raw/dam/dam_2023-09.html
2023-09-20,96,4595.87,4537.76,3187.57,8000.81,136446.47,136446.47,power_market/raw/dam/dam_2023-09.html
2023-09-21,96,6487.59,5979.01,3749.0,10000.0,130815.52,130815.52,power_market/raw/dam/dam_2023-09.html
2023-09-22,96,5968.13,5675.6,3320.15,10000.0,119941.46,119941.46,power_market/raw/dam/dam_2023-09.html
2023-09-23,96,4716.84,4598.85,2464.25,10000.0,131119.96,131119.96,power_market/raw/dam/dam_2023-09.html
2023-09-24,96,4451.29,4534.38,1083.81,10000.0,111795.49,111795.49,power_market/raw/dam/dam_2023-09.html
2023-09-25,96,5011.29,5080.89,2058.27,10000.0,120390.6,120390.6,power_market/raw/dam/dam_2023-09.html
2023-09-26,96,4098.14,4135.04,1999.45,10000.0,125684.33,125684.33,power_market/raw/dam/dam_2023-09.html
2023-09-27,96,5549.33,5361.73,3259.97,10000.0,123582.02,123582.02,power_market/raw/dam/dam_2023-09.html
2023-09-28,96,4650.58,4672.58,1999.16,10000.0,127266.65,127266.65,power_market/raw/dam/dam_2023-09.html
2023-09-29,96,6996.38,6559.59,3624.54,10000.0,142019.69,142019.69,power_market/raw/dam/dam_2023-09.html
2023-09-30,96,6116.4,6083.06,3300.44,10000.0,125271.8,125271.8,power_market/raw/dam/dam_2023-09.html
2023-10-01,96,3775.48,3994.63,1999.84,5500.32,135287.33,135287.33,power_market/raw/dam/dam_2023-10.html
2023-10-02,96,3492.0,3642.72,1500.63,5999.07,153529.24,153529.24,power_market/raw/dam/dam_2023-10.html
2023-10-03,96,4098.32,4277.34,2700.23,8501.0,177504.76,177504.76,power_market/raw/dam/dam_2023-10.html
2023-10-04,96,4103.05,4228.01,3112.51,9452.32,178940.66,178875.78,power_market/raw/dam/dam_2023-10.html
2023-10-05,96,6514.61,6550.5,3999.8,10000.0,198241.14,198241.14,power_market/raw/dam/dam_2023-10.html
2023-10-06,96,7607.84,7537.8,4399.8,10000.0,202873.15,202873.15,power_market/raw/dam/dam_2023-10.html
2023-10-07,96,8325.19,8112.62,4199.41,10000.0,188431.2,188431.2,power_market/raw/dam/dam_2023-10.html
2023-10-08,96,8148.43,7925.18,4150.1,10000.0,186429.59,186429.59,power_market/raw/dam/dam_2023-10.html
2023-10-09,96,9130.98,8823.92,5158.12,10000.0,143609.91,143609.91,power_market/raw/dam/dam_2023-10.html
2023-10-10,96,10000.0,10000.0,10000.0,10000.0,126382.23,126382.23,power_market/raw/dam/dam_2023-10.html
2023-10-11,96,10000.0,10000.0,10000.0,10000.0,120127.53,120127.53,power_market/raw/dam/dam_2023-10.html
2023-10-12,96,10000.0,10000.0,10000.0,10000.0,130494.92,130494.92,power_market/raw/dam/dam_2023-10.html
2023-10-13,96,10000.0,10000.0,10000.0,10000.0,107334.3,107334.3,power_market/raw/dam/dam_2023-10.html
2023-10-14,96,9019.86,8862.03,5000.98,10000.0,120778.12,120778.12,power_market/raw/dam/dam_2023-10.html
2023-10-15,96,7057.53,7385.1,2870.51,10000.0,127806.46,127806.46,power_market/raw/dam/dam_2023-10.html
2023-10-16,96,8678.85,8623.28,4666.75,10000.0,135795.51,135795.51,power_market/raw/dam/dam_2023-10.html
2023-10-17,96,8969.45,8861.78,4988.62,10000.0,148381.83,148381.83,power_market/raw/dam/dam_2023-10.html
2023-10-18,96,7299.13,7116.37,3623.77,10000.0,166443.62,166443.62,power_market/raw/dam/dam_2023-10.html
2023-10-19,96,6909.05,6505.84,3659.72,10000.0,161138.14,160871.78,power_market/raw/dam/dam_2023-10.html
2023-10-20,96,7045.33,6697.91,3800.75,10000.0,159771.81,159771.81,power_market/raw/dam/dam_2023-10.html
2023-10-21,96,5454.03,5358.73,3051.81,10000.0,134689.72,134689.72,power_market/raw/dam/dam_2023-10.html
2023-10-22,96,4144.32,4331.96,2899.64,10000.0,135258.39,135258.39,power_market/raw/dam/dam_2023-10.html
2023-10-23,96,4268.34,4465.53,2943.18,10000.0,149734.61,149734.61,power_market/raw/dam/dam_2023-10.html
2023-10-24,96,3496.38,3496.05,2300.72,5000.81,113269.96,113269.96,power_market/raw/dam/dam_2023-10.html
2023-10-25,96,4670.04,4767.86,3000.25,10000.0,145032.51,145032.51,power_market/raw/dam/dam_2023-10.html
2023-10-26,96,4968.0,4946.12,3040.33,10000.0,153547.6,153547.6,power_market/raw/dam/dam_2023-10.html
2023-10-27,96,4832.88,4849.21,2876.07,10000.0,156221.11,156221.11,power_market/raw/dam/dam_2023-10.html
2023-10-28,96,4814.23,4912.64,2876.78,10000.0,156845.39,156845.39,power_market/raw/dam/dam_2023-10.html
2023-10-29,96,3892.28,3965.82,2519.19,5900.95,142802.56,142802.56,power_market/raw/dam/dam_2023-10.html
2023-10-30,96,4535.46,4533.55,3000.22,10000.0,164112.73,164112.73,power_market/raw/dam/dam_2023-10.html
2023-10-31,96,4773.41,4713.83,2999.07,10000.0,167865.33,167865.33,power_market/raw/dam/dam_2023-10.html
2023-11-01,96,4938.23,5047.84,3322.7,10000.0,189356.71,189356.71,power_market/raw/dam/dam_2023-11.html
2023-11-02,96,5008.31,5133.62,3349.75,10000.0,205730.78,205730.78,power_market/raw/dam/dam_2023-11.html
2023-11-03,96,4635.89,4721.57,3101.0,10000.0,199321.77,199321.77,power_market/raw/dam/dam_2023-11.html
2023-11-04,96,4973.76,4958.88,3540.61,10000.0,194526.87,194526.87,power_market/raw/dam/dam_2023-11.html
2023-11-05,96,4387.51,4516.78,3100.04,9967.71,185764.32,185764.32,power_market/raw/dam/dam_2023-11.html
2023-11-06,96,4715.46,4829.43,3252.44,10000.0,191489.06,191489.06,power_market/raw/dam/dam_2023-11.html
2023-11-07,96,4321.3,4484.1,3024.89,10000.0,170843.73,170843.73,power_market/raw/dam/dam_2023-11.html
2023-11-08,96,4203.34,4375.9,2851.0,10000.0,174647.08,174647.08,power_market/raw/dam/dam_2023-11.html
2023-11-09,96,4405.23,4521.8,3250.1,10000.0,190589.36,190589.36,power_market/raw/dam/dam_2023-11.html
2023-11-10,96,4164.51,4361.69,2948.45,10000.0,172270.74,172270.74,power_market/raw/dam/dam_2023-11.html
2023-11-11,96,3807.68,3943.21,2506.88,10000.0,161706.42,161706.42,power_market/raw/dam/dam_2023-11.html
2023-11-12,96,2863.55,2925.03,1999.74,3769.61,118454.68,118454.68,power_market/raw/dam/dam_2023-11.html
2023-11-13,96,2696.94,2748.44,1999.55,3999.83,123039.05,123039.05,power_market/raw/dam/dam_2023-11.html
2023-11-14,96,2858.75,2905.72,2100.43,4479.28,120504.45,120504.45,power_market/raw/dam/dam_2023-11.html
2023-11-15,96,3323.28,3375.29,2700.71,6000.3,138026.92,138026.92,power_market/raw/dam/dam_2023-11.html
2023-11-16,96,3614.6,3754.64,2550.71,10000.0,152918.73,152918.73,power_market/raw/dam/dam_2023-11.html
2023-11-17,96,3647.44,3794.9,2380.22,10000.0,172150.18,172150.18,power_market/raw/dam/dam_2023-11.html
2023-11-18,96,3941.68,4025.2,2753.52,10000.0,189602.24,189602.24,power_market/raw/dam/dam_2023-11.html
2023-11-19,96,3522.22,3617.37,2700.47,6499.69,185647.02,185647.02,power_market/raw/dam/dam_2023-11.html
2023-11-20,96,4397.9,4569.67,2733.82,10000.0,189491.0,189491.0,power_market/raw/dam/dam_2023-11.html
2023-11-21,96,4122.01,4179.99,2694.21,10000.0,204376.88,204376.88,power_market/raw/dam/dam_2023-11.html
2023-11-22,96,4200.24,4198.04,2810.34,10000.0,191224.45,191224.45,power_market/raw/dam/dam_2023-11.html
2023-11-23,96,4444.78,4442.19,3000.34,10000.0,202717.0,202717.0,power_market/raw/dam/dam_2023-11.html
2023-11-24,96,4537.66,4551.66,3100.72,10000.0,195343.6,195343.6,power_market/raw/dam/dam_2023-11.html
2023-11-25,96,4057.92,4123.83,3000.3,10000.0,208741.28,208741.28,power_market/raw/dam/dam_2023-11.html
2023-11-26,96,3233.77,3299.93,2130.29,5599.41,157545.71,157545.71,power_market/raw/dam/dam_2023-11.html
2023-11-27,96,3614.52,3720.55,2143.96,10000.0,173655.26,173655.26,power_market/raw/dam/dam_2023-11.html
2023-11-28,96,3499.65,3596.53,1999.96,10000.0,153258.23,153258.23,power_market/raw/dam/dam_2023-11.html
2023-11-29,96,3767.31,3963.89,2500.16,10000.0,142622.64,142622.64,power_market/raw/dam/dam_2023-11.html
2023-11-30,96,3687.65,3920.9,2400.72,10000.0,140589.04,140589.04,power_market/raw/dam/dam_2023-11.html
2023-12-01,96,3880.09,4173.46,2626.04,10000.0,137514.81,137514.81,power_market/raw/dam/dam_2023-12.html
2023-12-02,96,3860.54,4001.94,2660.08,10000.0,157587.27,157587.27,power_market/raw/dam/dam_2023-12.html
2023-12-03,96,3060.6,3115.12,2149.93,4439.26,143444.88,143444.88,power_market/raw/dam/dam_2023-12.html
2023-12-04,96,3339.39,3442.59,2049.77,8000.74,135434.15,135434.15,power_market/raw/dam/dam_2023-12.html
2023-12-05,96,3403.99,3532.34,2149.78,6999.03,136826.27,136826.27,power_market/raw/dam/dam_2023-12.html
2023-12-06,96,3300.12,3471.54,2147.31,6500.41,139123.26,139123.26,power_market/raw/dam/dam_2023-12.html
2023-12-07,96,3864.3,4191.64,2119.24,10000.0,156885.98,156885.98,power_market/raw/dam/dam_2023-12.html
2023-12-08,96,4101.26,4469.35,2099.28,10000.0,170055.47,170055.47,power_market/raw/dam/dam_2023-12.html
2023-12-09,96,3699.59,4021.63,2048.79,10000.0,155886.33,155886.33,power_market/raw/dam/dam_2023-12.html
2023-12-10,96,3071.37,3151.59,2098.12,5039.08,140891.38,140891.38,power_market/raw/dam/dam_2023-12.html
2023-12-11,96,4072.32,4181.95,2469.7,10000.0,152894.5,152894.5,power_market/raw/dam/dam_2023-12.html
2023-12-12,96,4390.94,4580.79,2528.86,10000.0,161216.86,161216.86,power_market/raw/dam/dam_2023-12.html
2023-12-13,96,4859.4,4974.82,2528.92,10000.0,177896.2,177896.2,power_market/raw/dam/dam_2023-12.html
2023-12-14,96,5033.55,5199.99,2648.78,10000.0,166844.16,166844.16,power_market/raw/dam/dam_2023-12.html
2023-12-15,96,4916.79,5030.5,2850.92,10000.0,162366.97,162366.97,power_market/raw/dam/dam_2023-12.html
2023-12-16,96,5027.81,5060.32,2959.3,10000.0,151364.26,151364.26,power_market/raw/dam/dam_2023-12.html
2023-12-17,96,3557.74,3650.34,2955.55,6190.79,154636.12,154636.12,power_market/raw/dam/dam_2023-12.html
2023-12-18,96,4012.39,4125.96,2339.68,10000.0,161142.36,161142.36,power_market/raw/dam/dam_2023-12.html
2023-12-19,96,4494.99,4589.11,2400.3,10000.0,154512.41,154512.41,power_market/raw/dam/dam_2023-12.html
2023-12-20,96,4785.8,4917.01,2450.28,10000.0,149174.03,149174.03,power_market/raw/dam/dam_2023-12.html
2023-12-21,96,5177.72,5248.24,2850.59,10000.0,152865.91,152865.91,power_market/raw/dam/dam_2023-12.html
2023-12-22,96,5723.86,5708.22,2999.89,10000.0,151944.33,151944.33,power_market/raw/dam/dam_2023-12.html
2023-12-23,96,5977.95,5891.95,3131.43,10000.0,145346.26,145346.26,power_market/raw/dam/dam_2023-12.html
2023-12-24,96,4140.64,4279.48,2810.81,9851.8,151084.42,151084.42,power_market/raw/dam/dam_2023-12.html
2023-12-25,96,4703.72,4562.09,2750.98,10000.0,134770.06,134770.06,power_market/raw/dam/dam_2023-12.html
2023-12-26,96,5887.17,5822.8,2995.86,10000.0,149639.83,149639.83,power_market/raw/dam/dam_2023-12.html
2023-12-27,96,6124.52,6103.71,3000.79,10000.0,152249.64,152249.64,power_market/raw/dam/dam_2023-12.html
2023-12-28,96,5934.88,5938.28,2999.91,10000.0,164039.76,164039.76,power_market/raw/dam/dam_2023-12.html
2023-12-29,96,5693.3,5747.11,2986.21,10000.0,167863.93,167863.93,power_market/raw/dam/dam_2023-12.html
2023-12-30,96,5850.06,5910.77,2880.44,10000.0,157730.2,157730.2,power_market/raw/dam/dam_2023-12.html
2023-12-31,96,5010.38,5368.16,2450.16,10000.0,164320.76,164320.76,power_market/raw/dam/dam_2023-12.html
2024-01-01,96,5221.65,5510.02,2339.53,10000.0,177609.34,177609.34,power_market/raw/dam/dam_2024-01.html
2024-01-02,96,5575.56,5804.13,2450.36,10000.0,165873.05,165873.05,power_market/raw/dam/dam_2024-01.html
2024-01-03,96,5076.23,5431.58,1870.16,10000.0,158148.76,158148.76,power_market/raw/dam/dam_2024-01.html
2024-01-04,96,5574.8,5672.05,1999.96,10000.0,175979.04,175979.04,power_market/raw/dam/dam_2024-01.html
2024-01-05,96,5693.79,5894.56,1999.68,10000.0,180627.31,180627.31,power_market/raw/dam/dam_2024-01.html
2024-01-06,96,5698.24,5900.1,2012.18,10000.0,175617.34,175617.34,power_market/raw/dam/dam_2024-01.html
2024-01-07,96,5078.34,5509.53,1999.63,10000.0,177341.24,177341.24,power_market/raw/dam/dam_2024-01.html
2024-01-08,96,5767.05,5976.61,2450.43,10000.0,169734.54,169734.54,power_market/raw/dam/dam_2024-01.html
2024-01-09,96,5191.33,5324.97,1999.91,10000.0,176334.6,176334.6,power_market/raw/dam/dam_2024-01.html
2024-01-10,96,5547.22,5600.95,2499.33,10000.0,195502.8,195502.8,power_market/raw/dam/dam_2024-01.html
2024-01-11,96,5204.93,5402.85,2180.17,10000.0,197335.18,197335.18,power_market/raw/dam/dam_2024-01.html
2024-01-12,96,5189.45,5305.98,2500.03,10000.0,195871.98,195871.98,power_market/raw/dam/dam_2024-01.html
2024-01-13,96,5231.07,5519.68,2734.7,10000.0,185317.14,185317.14,power_market/raw/dam/dam_2024-01.html
2024-01-14,96,4293.62,4512.62,2955.38,10000.0,178291.91,178291.91,power_market/raw/dam/dam_2024-01.html
2024-01-15,96,5798.16,6052.26,2711.44,10000.0,174438.96,174438.96,power_market/raw/dam/dam_2024-01.html
2024-01-16,96,6019.62,6218.95,2901.96,10000.0,165866.56,165866.56,power_market/raw/dam/dam_2024-01.html
2024-01-17,96,5900.7,6273.93,2750.56,10000.0,171061.01,171061.01,power_market/raw/dam/dam_2024-01.html
2024-01-18,96,6178.47,6483.29,3000.55,10000.0,175151.95,175151.95,power_market/raw/dam/dam_2024-01.html
2024-01-19,96,6354.83,6571.9,2639.68,10000.0,173022.45,173022.45,power_market/raw/dam/dam_2024-01.html
2024-01-20,96,6538.15,6584.35,2800.42,10000.0,170267.92,170267.92,power_market/raw/dam/dam_2024-01.html
2024-01-21,96,5731.82,6002.46,2785.67,10000.0,172800.51,172800.51,power_market/raw/dam/dam_2024-01.html
2024-01-22,96,6623.43,6837.85,2512.66,10000.0,177953.21,177953.21,power_market/raw/dam/dam_2024-01.html
2024-01-23,96,6509.85,6665.22,2486.89,10000.0,174003.05,174003.05,power_market/raw/dam/dam_2024-01.html
2024-01-24,96,6727.38,6808.5,2560.96,10000.0,183783.19,183783.19,power_market/raw/dam/dam_2024-01.html
2024-01-25,96,6660.6,6812.18,2512.33,10000.0,185658.57,185658.57,power_market/raw/dam/dam_2024-01.html
2024-01-26,96,5945.7,6414.07,2801.49,10000.0,194577.38,194577.38,power_market/raw/dam/dam_2024-01.html
2024-01-27,96,6505.84,6609.4,2749.83,10000.0,178444.4,178444.4,power_market/raw/dam/dam_2024-01.html
2024-01-28,96,5752.56,5921.2,2600.89,10000.0,197597.29,197597.29,power_market/raw/dam/dam_2024-01.html
2024-01-29,96,6305.89,6393.44,2699.99,10000.0,196282.22,196282.22,power_market/raw/dam/dam_2024-01.html
2024-01-30,96,6492.11,6512.78,2800.67,10000.0,182384.14,182384.14,power_market/raw/dam/dam_2024-01.html
2024-01-31,96,6355.07,6402.73,2901.56,10000.0,178967.97,178967.97,power_market/raw/dam/dam_2024-01.html
2024-02-01,96,6488.42,6750.15,3010.1,10000.0,155837.63,155837.63,power_market/raw/dam/dam_2024-02.html
2024-02-02,96,5669.97,6056.55,2512.55,10000.0,153312.53,153312.53,power_market/raw/dam/dam_2024-02.html
2024-02-03,96,6095.6,6124.64,3076.93,10000.0,139711.08,139711.08,power_market/raw/dam/dam_2024-02.html
2024-02-04,96,4219.71,4413.23,2095.86,10000.0,143243.91,143243.91,power_market/raw/dam/dam_2024-02.html
2024-02-05,96,5607.33,5830.7,2093.82,10000.0,160155.85,160155.85,power_market/raw/dam/dam_2024-02.html
2024-02-06,96,5461.63,5558.04,2090.69,10000.0,170887.14,170887.14,power_market/raw/dam/dam_2024-02.html
2024-02-07,96,5720.96,5622.75,2757.88,10000.0,156845.72,156845.72,power_market/raw/dam/dam_2024-02.html
2024-02-08,96,5704.01,5720.3,2587.37,10000.0,162057.09,162057.09,power_market/raw/dam/dam_2024-02.html
2024-02-09,96,5800.99,5728.71,2774.05,10000.0,167780.45,167780.45,power_market/raw/dam/dam_2024-02.html
2024-02-10,96,5639.3,5647.42,3076.15,10000.0,159084.94,159084.94,power_market/raw/dam/dam_2024-02.html
2024-02-11,96,4132.4,4286.22,2878.31,10000.0,151768.04,151768.04,power_market/raw/dam/dam_2024-02.html
2024-02-12,96,5897.7,5969.97,2587.92,10000.0,177340.88,177340.88,power_market/raw/dam/dam_2024-02.html
2024-02-13,96,5841.73,5800.24,2700.83,10000.0,187533.9,187533.9,power_market/raw/dam/dam_2024-02.html
2024-02-14,96,5417.55,5414.29,2890.09,10000.0,176510.22,176510.22,power_market/raw/dam/dam_2024-02.html
2024-02-15,96,4904.79,5048.25,2901.3,10000.0,165493.08,165493.08,power_market/raw/dam/dam_2024-02.html
2024-02-16,96,4757.88,4813.34,2520.38,10000.0,162603.23,162603.23,power_market/raw/dam/dam_2024-02.html
2024-02-17,96,4221.24,4266.13,2837.16,9264.08,158925.73,158925.73,power_market/raw/dam/dam_2024-02.html
2024-02-18,96,3725.35,3744.33,2850.36,6499.22,127296.94,127296.94,power_market/raw/dam/dam_2024-02.html
2024-02-19,96,4034.97,4041.25,2760.28,10000.0,157697.56,157697.56,power_market/raw/dam/dam_2024-02.html
2024-02-20,96,3876.59,3914.29,2837.61,8999.69,155100.24,155100.24,power_market/raw/dam/dam_2024-02.html
2024-02-21,96,3947.24,4031.7,3050.87,10000.0,156654.85,156654.85,power_market/raw/dam/dam_2024-02.html
2024-02-22,96,4120.41,4183.44,3144.94,10000.0,185278.54,184731.74,power_market/raw/dam/dam_2024-02.html
2024-02-23,96,4983.16,5046.42,3300.44,10000.0,185294.91,185308.5,power_market/raw/dam/dam_2024-02.html
2024-02-24,96,5122.12,5066.21,3308.73,10000.0,191373.83,191373.83,power_market/raw/dam/dam_2024-02.html
2024-02-25,96,3814.36,3848.27,3170.02,6499.1,162973.14,162973.14,power_market/raw/dam/dam_2024-02.html
2024-02-26,96,4811.37,4828.39,2984.1,10000.0,188660.84,188660.84,power_market/raw/dam/dam_2024-02.html
2024-02-27,96,4003.14,4065.76,2840.93,6796.84,181355.12,181355.12,power_market/raw/dam/dam_2024-02.html
2024-02-28,96,3973.04,3974.82,2618.69,10000.0,147762.98,147762.98,power_market/raw/dam/dam_2024-02.html
2024-02-29,96,4836.18,4942.23,3010.19,10000.0,153740.58,153740.58,power_market/raw/dam/dam_2024-02.html
2024-03-01,96,4569.98,4857.1,3160.47,10000.0,136248.38,136248.38,power_market/raw/dam/dam_2024-03.html
2024-03-02,96,3576.7,3626.37,2380.01,7264.92,120137.77,120137.77,power_market/raw/dam/dam_2024-03.html
2024-03-03,96,3240.78,3233.45,2373.26,3850.95,140787.27,138021.14,power_market/raw/dam/dam_2024-03.html
2024-03-04,96,3647.54,3690.81,2629.6,5309.98,138554.19,139698.23,power_market/raw/dam/dam_2024-03.html
2024-03-05,96,3536.67,3558.9,2837.55,4960.15,123616.36,123783.88,power_market/raw/dam/dam_2024-03.html
2024-03-06,96,3366.54,3370.5,2318.01,4699.72,135308.05,136480.74,power_market/raw/dam/dam_2024-03.html
2024-03-07,96,3510.77,3528.29,2252.78,5999.41,151930.83,150549.47,power_market/raw/dam/dam_2024-03.html
2024-03-08,96,3913.61,3974.67,2373.35,8000.43,181747.06,180069.18,power_market/raw/dam/dam_2024-03.html
2024-03-09,96,4207.41,4255.62,2252.41,10000.0,174498.33,174751.98,power_market/raw/dam/dam_2024-03.html
2024-03-10,96,3408.04,3422.61,2318.25,4769.01,163016.56,160577.82,power_market/raw/dam/dam_2024-03.html
2024-03-11,96,3904.21,3988.14,2618.66,10000.0,170942.03,170155.56,power_market/raw/dam/dam_2024-03.html
2024-03-12,96,3657.13,3654.37,2837.6,5000.94,158088.63,158064.54,power_market/raw/dam/dam_2024-03.html
2024-03-13,96,4007.71,4046.92,2880.32,7999.42,158139.03,158139.03,power_market/raw/dam/dam_2024-03.html
2024-03-14,96,5034.73,4997.94,3070.08,10000.0,157845.96,157917.28,power_market/raw/dam/dam_2024-03.html
2024-03-15,96,4547.68,4511.53,2984.18,10000.0,167227.35,167145.53,power_market/raw/dam/dam_2024-03.html
2024-03-16,96,4804.08,4793.14,3500.12,10000.0,164728.66,164729.46,power_market/raw/dam/dam_2024-03.html
2024-03-17,96,3964.28,4014.29,3260.14,5286.33,151471.67,151471.67,power_market/raw/dam/dam_2024-03.html
2024-03-18,96,4033.19,4070.68,3317.95,6425.9,138606.29,138606.29,power_market/raw/dam/dam_2024-03.html
2024-03-19,96,4007.12,4043.5,2830.96,5499.68,155848.57,155848.57,power_market/raw/dam/dam_2024-03.html
2024-03-20,96,3918.49,3928.11,3040.93,5999.09,153502.2,153502.2,power_market/raw/dam/dam_2024-03.html
2024-03-21,96,3900.86,3921.63,2830.43,6500.46,168670.65,168670.65,power_market/raw/dam/dam_2024-03.html
2024-03-22,96,3673.36,3674.51,2700.55,5999.95,163707.22,163707.22,power_market/raw/dam/dam_2024-03.html
2024-03-23,96,3822.89,3858.3,2950.92,6000.87,164084.72,164084.72,power_market/raw/dam/dam_2024-03.html
2024-03-24,96,3488.61,3531.02,2000.15,4785.96,165767.93,165767.93,power_market/raw/dam/dam_2024-03.html
2024-03-25,96,2749.37,2855.43,999.64,3949.1,123391.56,122585.3,power_market/raw/dam/dam_2024-03.html
2024-03-26,96,3189.07,3178.79,1999.73,4592.2,135399.21,135427.62,power_market/raw/dam/dam_2024-03.html
2024-03-27,96,3512.6,3548.73,2380.88,4600.96,133574.03,133572.66,power_market/raw/dam/dam_2024-03.html
2024-03-28,96,3945.03,3982.52,2890.63,5500.18,147141.99,147315.83,power_market/raw/dam/dam_2024-03.html
2024-03-29,96,4836.06,4844.08,2700.07,10000.0,135901.77,136334.45,power_market/raw/dam/dam_2024-03.html
2024-03-30,96,5164.61,5096.58,2890.21,10000.0,151518.01,151706.96,power_market/raw/dam/dam_2024-03.html
2024-03-31,96,4077.97,4204.2,1999.89,10000.0,133514.12,133514.12,power_market/raw/dam/dam_2024-03.html
2024-04-01,96,5218.68,4757.81,2883.45,10000.0,131369.85,131159.23,power_market/raw/dam/dam_2024-04.html
2024-04-02,96,4625.47,4471.91,2789.54,10000.0,132639.81,131768.48,power_market/raw/dam/dam_2024-04.html
2024-04-03,96,4321.82,4212.44,2755.65,10000.0,142860.36,141514.58,power_market/raw/dam/dam_2024-04.html
2024-04-04,96,5250.66,4986.62,2883.5,10000.0,149306.99,146900.58,power_market/raw/dam/dam_2024-04.html
2024-04-05,96,5867.38,5346.3,2883.28,10000.0,154289.76,153684.77,power_market/raw/dam/dam_2024-04.html
2024-04-06,96,6590.84,5825.78,2883.98,10000.0,145503.43,145503.42,power_market/raw/dam/dam_2024-04.html
2024-04-07,96,4854.02,4680.93,2539.57,10000.0,152347.02,152263.15,power_market/raw/dam/dam_2024-04.html
2024-04-08,96,4945.37,4621.0,2760.1,10000.0,181102.49,180897.9,power_market/raw/dam/dam_2024-04.html
2024-04-09,96,4440.11,4278.63,2499.24,10000.0,163707.01,163572.32,power_market/raw/dam/dam_2024-04.html
2024-04-10,96,4953.53,4588.98,2630.46,10000.0,157381.85,157299.45,power_market/raw/dam/dam_2024-04.html
2024-04-11,96,3995.39,3904.54,2277.73,10000.0,150957.83,149838.01,power_market/raw/dam/dam_2024-04.html
2024-04-12,96,4601.48,4392.58,2349.93,10000.0,166523.38,165609.1,power_market/raw/dam/dam_2024-04.html
2024-04-13,96,3829.98,3762.82,2277.75,5669.53,155716.92,153542.06,power_market/raw/dam/dam_2024-04.html
2024-04-14,96,3357.18,3299.5,2019.54,4399.83,150837.54,150379.09,power_market/raw/dam/dam_2024-04.html
2024-04-15,96,3808.03,3765.5,2277.59,5760.01,167588.32,166265.57,power_market/raw/dam/dam_2024-04.html
2024-04-16,96,4417.08,4295.18,2679.44,10000.0,156963.67,157004.36,power_market/raw/dam/dam_2024-04.html
2024-04-17,96,5010.96,4943.24,2500.14,10000.0,155410.62,155410.62,power_market/raw/dam/dam_2024-04.html
2024-04-18,96,6840.33,5930.14,2537.76,10000.0,125627.96,125627.96,power_market/raw/dam/dam_2024-04.html
2024-04-19,96,5900.71,5148.02,1999.83,10000.0,119994.54,119994.54,power_market/raw/dam/dam_2024-04.html
2024-04-20,96,5648.25,5123.71,2048.98,10000.0,121751.59,121751.59,power_market/raw/dam/dam_2024-04.html
2024-04-21,96,4228.95,3934.1,1709.36,10000.0,110758.53,110758.53,power_market/raw/dam/dam_2024-04.html
2024-04-22,96,5003.51,4550.97,1999.53,10000.0,110004.42,110004.42,power_market/raw/dam/dam_2024-04.html
2024-04-23,96,5230.32,4661.75,2019.74,10000.0,127476.38,127476.38,power_market/raw/dam/dam_2024-04.html
2024-04-24,96,5188.29,4700.91,2001.0,10000.0,116900.26,116900.26,power_market/raw/dam/dam_2024-04.html
2024-04-25,96,4674.48,4288.4,2156.18,10000.0,104714.09,104714.09,power_market/raw/dam/dam_2024-04.html
2024-04-26,96,5034.42,4588.09,2019.66,10000.0,111266.17,111266.17,power_market/raw/dam/dam_2024-04.html
2024-04-27,96,6290.48,5326.19,2192.69,10000.0,117022.11,117022.11,power_market/raw/dam/dam_2024-04.html
2024-04-28,96,5873.01,5046.06,2679.19,10000.0,128038.08,128038.08,power_market/raw/dam/dam_2024-04.html
2024-04-29,96,6578.6,5324.56,2980.71,10000.0,110986.81,110986.81,power_market/raw/dam/dam_2024-04.html
2024-04-30,96,6785.37,5418.07,3129.76,10000.0,124266.85,124266.85,power_market/raw/dam/dam_2024-04.html
2024-05-01,96,5673.59,5034.01,1999.4,10000.0,115415.3,115415.3,power_market/raw/dam/dam_2024-05.html
2024-05-02,96,5800.43,4916.73,2999.5,10000.0,118885.13,118885.13,power_market/raw/dam/dam_2024-05.html
2024-05-03,96,5760.28,5079.94,2610.3,10000.0,131031.65,131031.65,power_market/raw/dam/dam_2024-05.html
2024-05-04,96,5844.17,4957.96,2500.63,10000.0,124907.2,124775.3,power_market/raw/dam/dam_2024-05.html
2024-05-05,96,5154.38,4648.37,1999.39,10000.0,129513.26,129513.26,power_market/raw/dam/dam_2024-05.html
2024-05-06,96,6140.86,5308.5,3505.36,10000.0,130260.72,130260.72,power_market/raw/dam/dam_2024-05.html
2024-05-07,96,5697.74,4814.31,2529.66,10000.0,111977.33,111977.33,power_market/raw/dam/dam_2024-05.html
2024-05-08,96,5143.31,4294.55,1999.78,10000.0,103647.94,103642.73,power_market/raw/dam/dam_2024-05.html
2024-05-09,96,4286.52,3866.56,1999.44,10000.0,102898.15,102898.15,power_market/raw/dam/dam_2024-05.html
2024-05-10,96,4785.17,4234.75,1999.76,10000.0,113123.34,113123.34,power_market/raw/dam/dam_2024-05.html
2024-05-11,96,4648.77,4267.44,1999.4,10000.0,111402.98,111402.98,power_market/raw/dam/dam_2024-05.html
2024-05-12,96,3080.8,3059.71,1199.94,6499.68,99535.54,99331.05,power_market/raw/dam/dam_2024-05.html
2024-05-13,96,4662.21,4476.99,2670.25,10000.0,130454.21,130454.21,power_market/raw/dam/dam_2024-05.html
2024-05-14,96,5005.22,4595.91,1999.96,10000.0,134693.24,134693.24,power_market/raw/dam/dam_2024-05.html
2024-05-15,96,5147.11,4968.77,1999.56,10000.0,117282.78,117282.78,power_market/raw/dam/dam_2024-05.html
2024-05-16,96,5572.9,5037.09,2112.74,10000.0,140285.74,140285.74,power_market/raw/dam/dam_2024-05.html
2024-05-17,96,5958.13,5422.89,3019.37,10000.0,143826.79,143826.79,power_market/raw/dam/dam_2024-05.html
2024-05-18,96,5477.41,5224.14,1999.98,10000.0,148036.48,148036.48,power_market/raw/dam/dam_2024-05.html
2024-05-19,96,4939.48,5051.75,1999.29,10000.0,143747.82,143747.82,power_market/raw/dam/dam_2024-05.html
2024-05-20,96,5514.79,4989.01,2212.57,10000.0,144045.65,144045.65,power_market/raw/dam/dam_2024-05.html
2024-05-21,96,5547.46,4989.18,2599.48,10000.0,154430.13,154430.13,power_market/raw/dam/dam_2024-05.html
2024-05-22,96,5265.37,4948.41,2000.33,10000.0,159472.88,159472.88,power_market/raw/dam/dam_2024-05.html
2024-05-23,96,5813.99,5253.99,3339.16,10000.0,170770.43,170770.43,power_market/raw/dam/dam_2024-05.html
2024-05-24,96,6032.93,5231.82,3358.59,10000.0,164750.28,164750.28,power_market/raw/dam/dam_2024-05.html
2024-05-25,96,6335.25,5408.15,3357.97,10000.0,147936.69,147936.69,power_market/raw/dam/dam_2024-05.html
2024-05-26,96,4465.55,3869.46,1499.44,10000.0,149874.54,149874.54,power_market/raw/dam/dam_2024-05.html
2024-05-27,96,5457.92,4904.84,2670.72,10000.0,174391.71,174391.71,power_market/raw/dam/dam_2024-05.html
2024-05-28,96,4624.48,4308.46,1999.41,10000.0,168845.74,168845.74,power_market/raw/dam/dam_2024-05.html
2024-05-29,96,4833.72,4416.1,1899.27,10000.0,177144.12,177144.12,power_market/raw/dam/dam_2024-05.html
2024-05-30,96,4999.49,4650.0,1499.16,10000.0,180400.4,180400.4,power_market/raw/dam/dam_2024-05.html
2024-05-31,96,5866.31,5249.28,2325.27,10000.0,172936.22,172936.22,power_market/raw/dam/dam_2024-05.html
2024-06-01,96,5876.89,5309.22,1999.34,10000.0,171137.9,171137.9,power_market/raw/dam/dam_2024-06.html
2024-06-02,96,4755.98,4622.18,1499.75,10000.0,156129.66,156129.66,power_market/raw/dam/dam_2024-06.html
2024-06-03,96,5377.27,4751.37,1799.85,10000.0,157925.52,157925.52,power_market/raw/dam/dam_2024-06.html
2024-06-04,96,6246.93,5473.7,3000.12,10000.0,170954.19,170954.19,power_market/raw/dam/dam_2024-06.html
2024-06-05,96,6467.19,5495.08,3000.21,10000.0,144231.61,144231.61,power_market/raw/dam/dam_2024-06.html
2024-06-06,96,5854.67,4957.14,1999.76,10000.0,140561.4,140561.4,power_market/raw/dam/dam_2024-06.html
2024-06-07,96,4973.11,4491.22,1799.74,10000.0,127320.87,127320.87,power_market/raw/dam/dam_2024-06.html
2024-06-08,96,4362.03,4350.74,1699.78,10000.0,153750.71,153750.71,power_market/raw/dam/dam_2024-06.html
2024-06-09,96,3332.54,3437.02,1199.67,10000.0,135703.59,135703.59,power_market/raw/dam/dam_2024-06.html
2024-06-10,96,4821.43,4552.02,1699.93,10000.0,155921.23,155921.23,power_market/raw/dam/dam_2024-06.html
2024-06-11,96,4917.51,4561.91,2920.24,10000.0,153360.08,153360.08,power_market/raw/dam/dam_2024-06.html
2024-06-12,96,5110.7,4569.51,1999.43,10000.0,159174.35,159174.35,power_market/raw/dam/dam_2024-06.html
2024-06-13,96,5227.45,4628.88,1799.82,10000.0,167009.87,167009.87,power_market/raw/dam/dam_2024-06.html
2024-06-14,96,4840.7,4446.96,1799.55,10000.0,174343.96,174343.96,power_market/raw/dam/dam_2024-06.html
2024-06-15,96,4931.63,4344.69,1799.35,10000.0,154193.1,154193.1,power_market/raw/dam/dam_2024-06.html
2024-06-16,96,5459.52,4747.28,1699.35,10000.0,144024.86,142930.71,power_market/raw/dam/dam_2024-06.html
2024-06-17,96,6361.17,5156.41,2000.61,10000.0,163582.54,163582.54,power_market/raw/dam/dam_2024-06.html
2024-06-18,96,6781.98,5418.99,1999.9,10000.0,138540.49,138540.49,power_market/raw/dam/dam_2024-06.html
2024-06-19,96,6722.47,5538.56,1999.71,10000.0,144220.1,144220.1,power_market/raw/dam/dam_2024-06.html
2024-06-20,96,6597.24,5964.77,1999.69,10000.0,189934.63,189301.48,power_market/raw/dam/dam_2024-06.html
2024-06-21,96,5435.03,4939.63,1655.49,10000.0,202902.18,165857.94,power_market/raw/dam/dam_2024-06.html
2024-06-22,96,5482.94,5111.35,1870.71,10000.0,200689.93,169399.27,power_market/raw/dam/dam_2024-06.html
2024-06-23,96,5147.27,4781.61,1199.79,10000.0,182805.83,163626.23,power_market/raw/dam/dam_2024-06.html
2024-06-24,96,5960.58,5345.33,2600.33,10000.0,189865.39,173167.5,power_market/raw/dam/dam_2024-06.html
2024-06-25,96,6326.24,5647.52,3420.21,10000.0,203737.12,181901.84,power_market/raw/dam/dam_2024-06.html
2024-06-26,96,5654.6,5142.3,1999.83,10000.0,193893.87,182434.2,power_market/raw/dam/dam_2024-06.html
2024-06-27,96,6151.5,5511.15,1999.84,10000.0,192515.38,181330.03,power_market/raw/dam/dam_2024-06.html
2024-06-28,96,4939.75,4818.02,1499.9,10000.0,168171.39,165614.28,power_market/raw/dam/dam_2024-06.html
2024-06-29,96,4146.49,4312.2,1096.74,10000.0,174639.08,174061.18,power_market/raw/dam/dam_2024-06.html
2024-06-30,96,3960.0,4187.06,996.51,10000.0,183663.12,178547.16,power_market/raw/dam/dam_2024-06.html
2024-07-01,96,4103.68,4232.11,1999.27,10000.0,183065.9,183669.2,power_market/raw/dam/dam_2024-07.html
2024-07-02,96,3987.2,4084.17,1499.84,10000.0,186497.66,186638.43,power_market/raw/dam/dam_2024-07.html
2024-07-03,96,4247.49,4292.26,1499.36,10000.0,194305.61,196374.76,power_market/raw/dam/dam_2024-07.html
2024-07-04,96,4281.21,4135.16,1499.9,10000.0,196209.36,196890.11,power_market/raw/dam/dam_2024-07.html
2024-07-05,96,4194.49,4143.35,1999.78,10000.0,198351.55,198351.55,power_market/raw/dam/dam_2024-07.html
2024-07-06,96,4821.34,4541.55,1578.76,10000.0,196182.9,196182.9,power_market/raw/dam/dam_2024-07.html
2024-07-07,96,2889.54,3064.39,896.79,7299.33,149125.26,149125.26,power_market/raw/dam/dam_2024-07.html
2024-07-08,96,4081.02,4111.15,1196.49,10000.0,166051.95,166051.95,power_market/raw/dam/dam_2024-07.html
2024-07-09,96,4747.77,4744.21,1325.09,10000.0,184613.17,184613.17,power_market/raw/dam/dam_2024-07.html
2024-07-10,96,5189.36,5078.9,2011.0,10000.0,187427.3,187427.3,power_market/raw/dam/dam_2024-07.html
2024-07-11,96,6093.18,5615.59,2500.06,10000.0,175355.63,175355.63,power_market/raw/dam/dam_2024-07.html
2024-07-12,96,5660.45,5169.85,2920.71,10000.0,162211.85,162211.85,power_market/raw/dam/dam_2024-07.html
2024-07-13,96,5018.21,4261.12,1499.89,10000.0,141122.72,141555.35,power_market/raw/dam/dam_2024-07.html
2024-07-14,96,3884.64,3946.06,999.04,10000.0,158097.61,157827.62,power_market/raw/dam/dam_2024-07.html
2024-07-15,96,5157.55,4628.55,2621.19,10000.0,172497.0,172497.0,power_market/raw/dam/dam_2024-07.html
2024-07-16,96,5643.0,5009.05,3247.49,10000.0,171045.17,166802.18,power_market/raw/dam/dam_2024-07.html
2024-07-17,96,5353.8,4768.73,1596.45,10000.0,152858.2,147300.71,power_market/raw/dam/dam_2024-07.html
2024-07-18,96,6562.22,5736.77,3384.43,10000.0,158898.7,157811.88,power_market/raw/dam/dam_2024-07.html
2024-07-19,96,6205.05,5488.94,2710.19,10000.0,166095.38,158211.88,power_market/raw/dam/dam_2024-07.html
2024-07-20,96,5651.74,4970.82,1500.68,10000.0,161380.89,159603.18,power_market/raw/dam/dam_2024-07.html
2024-07-21,96,4596.74,4511.27,499.94,10000.0,157984.66,152932.98,power_market/raw/dam/dam_2024-07.html
2024-07-22,96,4944.09,4443.76,999.72,10000.0,153520.96,148493.0,power_market/raw/dam/dam_2024-07.html
2024-07-23,96,5071.64,4612.35,999.55,10000.0,145437.32,142853.74,power_market/raw/dam/dam_2024-07.html
2024-07-24,96,5476.53,4979.72,1999.49,10000.0,160754.43,160127.54,power_market/raw/dam/dam_2024-07.html
2024-07-25,96,4679.96,4324.5,1848.77,10000.0,142609.94,141616.4,power_market/raw/dam/dam_2024-07.html
2024-07-26,96,4850.65,4409.05,1090.73,10000.0,135524.69,134634.55,power_market/raw/dam/dam_2024-07.html
2024-07-27,96,4480.05,4251.14,999.92,10000.0,155867.92,151540.97,power_market/raw/dam/dam_2024-07.html
2024-07-28,96,4376.97,4394.96,599.2,10000.0,151856.5,152427.14,power_market/raw/dam/dam_2024-07.html
2024-07-29,96,5228.88,4887.55,1999.65,10000.0,142179.2,141874.67,power_market/raw/dam/dam_2024-07.html
2024-07-30,96,5860.9,5283.97,2097.88,10000.0,165204.41,164425.56,power_market/raw/dam/dam_2024-07.html
2024-07-31,96,7164.42,6330.2,3064.33,10000.0,135949.35,135208.49,power_market/raw/dam/dam_2024-07.html
2024-08-01,96,6641.64,5818.32,1999.39,10000.0,169456.78,168742.72,power_market/raw/dam/dam_2024-08.html
2024-08-02,96,5007.49,4598.37,1999.83,10000.0,162680.77,161187.01,power_market/raw/dam/dam_2024-08.html
2024-08-03,96,4863.72,4499.18,1999.67,10000.0,166544.26,159988.86,power_market/raw/dam/dam_2024-08.html
2024-08-04,96,2830.92,2834.53,1199.01,5350.27,152248.84,151851.19,power_market/raw/dam/dam_2024-08.html
2024-08-05,96,4592.42,4516.84,2099.99,10000.0,182387.47,178154.84,power_market/raw/dam/dam_2024-08.html
2024-08-06,96,4734.02,4429.14,2099.83,10000.0,178861.51,177103.36,power_market/raw/dam/dam_2024-08.html
2024-08-07,96,5055.21,4756.73,1999.02,10000.0,152536.66,152536.66,power_market/raw/dam/dam_2024-08.html
2024-08-08,96,4446.1,4157.47,1846.11,10000.0,155763.58,155763.58,power_market/raw/dam/dam_2024-08.html
2024-08-09,96,4015.53,3881.3,1834.86,10000.0,147946.79,147946.79,power_market/raw/dam/dam_2024-08.html
2024-08-10,96,4251.69,4148.55,1957.33,10000.0,156251.34,156251.34,power_market/raw/dam/dam_2024-08.html
2024-08-11,96,3378.34,3384.68,1999.26,5499.34,164902.23,164902.23,power_market/raw/dam/dam_2024-08.html
2024-08-12,96,4701.43,4384.42,1999.13,10000.0,153144.5,153144.5,power_market/raw/dam/dam_2024-08.html
2024-08-13,96,5133.25,4649.71,2099.22,10000.0,149109.04,149109.04,power_market/raw/dam/dam_2024-08.html
2024-08-14,96,5665.45,5074.02,2940.87,10000.0,166619.88,166619.88,power_market/raw/dam/dam_2024-08.html
2024-08-15,96,4898.02,5025.83,999.32,10000.0,148704.91,148704.91,power_market/raw/dam/dam_2024-08.html
2024-08-16,96,5783.58,5103.52,2996.5,10000.0,155487.32,155487.32,power_market/raw/dam/dam_2024-08.html
2024-08-17,96,5426.05,4856.45,2299.9,10000.0,165023.45,165023.45,power_market/raw/dam/dam_2024-08.html
2024-08-18,96,3951.54,4032.68,999.61,10000.0,139162.81,139162.81,power_market/raw/dam/dam_2024-08.html
2024-08-19,96,4728.72,4184.59,1999.92,10000.0,154657.57,154657.57,power_market/raw/dam/dam_2024-08.html
2024-08-20,96,4783.31,4293.53,2299.36,10000.0,157125.93,157125.93,power_market/raw/dam/dam_2024-08.html
2024-08-21,96,3807.19,3759.41,1012.06,10000.0,126331.59,126331.59,power_market/raw/dam/dam_2024-08.html
2024-08-22,96,4348.31,4400.55,1640.17,10000.0,157807.03,157807.03,power_market/raw/dam/dam_2024-08.html
2024-08-23,96,4292.78,4418.13,999.92,10000.0,148956.1,148956.1,power_market/raw/dam/dam_2024-08.html
2024-08-24,96,3824.66,3910.18,656.52,10000.0,127308.23,127308.23,power_market/raw/dam/dam_2024-08.html
2024-08-25,96,2251.56,2303.56,499.28,3999.76,123148.5,123148.5,power_market/raw/dam/dam_2024-08.html
2024-08-26,96,1956.41,1993.12,299.76,3730.54,100597.93,100597.93,power_market/raw/dam/dam_2024-08.html
2024-08-27,96,2461.03,2456.08,599.52,4288.53,153190.04,153190.04,power_market/raw/dam/dam_2024-08.html
2024-08-28,96,3608.79,3513.19,1999.84,9529.19,163256.66,163256.66,power_market/raw/dam/dam_2024-08.html
2024-08-29,96,3141.33,3060.11,1899.1,5350.85,147772.67,147772.67,power_market/raw/dam/dam_2024-08.html
2024-08-30,96,4194.31,4135.07,1999.29,10000.0,163339.58,163339.58,power_market/raw/dam/dam_2024-08.html
2024-08-31,96,4110.82,4309.42,1340.5,10000.0,136803.23,136803.23,power_market/raw/dam/dam_2024-08.html
2024-09-01,96,2888.23,3274.76,400.9,7203.47,122718.25,122718.25,power_market/raw/dam/dam_2024-09.html
2024-09-02,96,4128.16,4620.48,1100.87,10000.0,108999.33,108999.33,power_market/raw/dam/dam_2024-09.html
2024-09-03,96,3850.56,4451.6,896.7,10000.0,115105.56,115105.56,power_market/raw/dam/dam_2024-09.html
2024-09-04,96,4504.35,4970.86,999.27,10000.0,112989.94,112989.94,power_market/raw/dam/dam_2024-09.html
2024-09-05,96,3905.03,4440.39,1096.91,10000.0,113356.53,113356.53,power_market/raw/dam/dam_2024-09.html
2024-09-06,96,3582.52,4057.32,996.88,10000.0,114573.08,114573.08,power_market/raw/dam/dam_2024-09.html
2024-09-07,96,3397.36,3674.24,861.94,9529.17,119790.97,119505.53,power_market/raw/dam/dam_2024-09.html
2024-09-08,96,2818.98,3051.11,471.77,5529.82,118265.61,118265.61,power_market/raw/dam/dam_2024-09.html
2024-09-09,96,3265.48,3532.36,1599.21,8000.0,119565.61,119565.61,power_market/raw/dam/dam_2024-09.html
2024-09-10,96,2889.61,3107.67,1325.72,5754.97,106883.07,106883.07,power_market/raw/dam/dam_2024-09.html
2024-09-11,96,3686.96,3764.83,1888.17,10000.0,126628.98,126324.38,power_market/raw/dam/dam_2024-09.html
2024-09-12,96,3785.77,3738.68,1699.53,10000.0,130400.6,128674.78,power_market/raw/dam/dam_2024-09.html
2024-09-13,96,2952.04,3135.45,1221.93,10000.0,90896.84,90896.84,power_market/raw/dam/dam_2024-09.html
2024-09-14,96,3446.59,3385.49,1499.58,10000.0,164629.33,159293.26,power_market/raw/dam/dam_2024-09.html
2024-09-15,96,2606.03,2730.71,791.65,4409.61,156440.02,155998.8,power_market/raw/dam/dam_2024-09.html
2024-09-16,96,3604.31,3596.26,1499.11,10000.0,177061.59,177061.59,power_market/raw/dam/dam_2024-09.html
2024-09-17,96,3303.27,3308.42,1249.95,10000.0,184428.59,184428.59,power_market/raw/dam/dam_2024-09.html
2024-09-18,96,4780.54,4507.57,1999.57,10000.0,201162.17,201013.59,power_market/raw/dam/dam_2024-09.html
2024-09-19,96,5159.09,4872.51,2230.25,10000.0,189727.8,189727.8,power_market/raw/dam/dam_2024-09.html
2024-09-20,96,5508.95,5280.29,2500.05,10000.0,213253.23,211258.21,power_market/raw/dam/dam_2024-09.html
2024-09-21,96,5678.38,5165.43,2676.73,10000.0,205170.65,205133.99,power_market/raw/dam/dam_2024-09.html
2024-09-22,96,4204.01,4379.6,1580.5,10000.0,166950.31,167006.74,power_market/raw/dam/dam_2024-09.html
2024-09-23,96,5303.61,4934.75,2061.22,10000.0,169162.66,169497.5,power_market/raw/dam/dam_2024-09.html
2024-09-24,96,5885.94,5482.24,2335.5,10000.0,159570.77,155010.16,power_market/raw/dam/dam_2024-09.html
2024-09-25,96,6107.06,5570.81,3099.3,10000.0,169814.49,169814.49,power_market/raw/dam/dam_2024-09.html
2024-09-26,96,5260.79,4879.75,2889.3,10000.0,178687.09,178687.09,power_market/raw/dam/dam_2024-09.html
2024-09-27,96,4787.79,4523.82,2446.84,10000.0,165160.77,165160.77,power_market/raw/dam/dam_2024-09.html
2024-09-28,96,5050.79,4604.27,2600.4,10000.0,193623.17,193623.17,power_market/raw/dam/dam_2024-09.html
2024-09-29,96,4069.86,4066.69,1612.95,10000.0,180781.57,180781.57,power_market/raw/dam/dam_2024-09.html
2024-09-30,96,5169.99,4681.9,2889.41,10000.0,200747.38,200747.38,power_market/raw/dam/dam_2024-09.html
2024-10-01,96,5315.46,5088.45,2879.1,10000.0,170997.64,170997.64,power_market/raw/dam/dam_2024-10.html
2024-10-02,96,5012.8,5559.7,1596.38,10000.0,172467.86,172467.86,power_market/raw/dam/dam_2024-10.html
2024-10-03,96,5443.45,4975.57,2168.11,10000.0,159675.74,159675.74,power_market/raw/dam/dam_2024-10.html
2024-10-04,96,5403.28,5019.52,2072.33,10000.0,154733.42,154733.42,power_market/raw/dam/dam_2024-10.html
2024-10-05,96,4857.25,4539.84,1989.46,10000.0,138601.74,138601.74,power_market/raw/dam/dam_2024-10.html
2024-10-06,96,3728.56,3756.65,696.32,7400.26,148338.93,148338.93,power_market/raw/dam/dam_2024-10.html
2024-10-07,96,5270.43,4678.75,2061.71,10000.0,126743.63,126743.63,power_market/raw/dam/dam_2024-10.html
2024-10-08,96,5476.2,5103.0,2749.87,10000.0,123439.26,123439.26,power_market/raw/dam/dam_2024-10.html
2024-10-09,96,5725.48,5266.3,2952.4,10000.0,127578.49,127578.49,power_market/raw/dam/dam_2024-10.html
2024-10-10,96,5686.63,5370.16,2752.23,10000.0,146625.12,146625.12,power_market/raw/dam/dam_2024-10.html
2024-10-11,96,3871.82,3887.56,1989.35,10000.0,149187.86,149187.86,power_market/raw/dam/dam_2024-10.html
2024-10-12,96,2671.33,2879.17,599.17,4500.46,116025.87,116025.87,power_market/raw/dam/dam_2024-10.html
2024-10-13,96,2486.53,2585.28,496.44,4268.62,123233.3,123233.3,power_market/raw/dam/dam_2024-10.html
2024-10-14,96,3166.8,3251.02,2106.48,5649.26,139052.23,139052.23,power_market/raw/dam/dam_2024-10.html
2024-10-15,96,3493.57,3594.53,2570.51,6100.52,155643.96,155643.96,power_market/raw/dam/dam_2024-10.html
2024-10-16,96,3558.8,3780.73,2380.72,10000.0,146464.12,146464.12,power_market/raw/dam/dam_2024-10.html
2024-10-17,96,3941.34,4346.66,2101.68,10000.0,148076.47,148076.47,power_market/raw/dam/dam_2024-10.html
2024-10-18,96,3787.09,4083.92,2217.44,10000.0,147202.64,147202.64,power_market/raw/dam/dam_2024-10.html
2024-10-19,96,3671.06,3972.85,1999.53,10000.0,152249.71,152249.71,power_market/raw/dam/dam_2024-10.html
2024-10-20,96,2995.75,3186.65,1199.69,4775.37,131665.06,131665.06,power_market/raw/dam/dam_2024-10.html
2024-10-21,96,3625.98,3828.44,2022.72,10000.0,144591.47,144591.47,power_market/raw/dam/dam_2024-10.html
2024-10-22,96,3632.63,3785.98,1999.3,10000.0,145755.54,145755.54,power_market/raw/dam/dam_2024-10.html
2024-10-23,96,3479.97,3658.38,1959.3,10000.0,143362.72,143362.72,power_market/raw/dam/dam_2024-10.html
2024-10-24,96,3315.47,3496.75,1499.81,9999.94,144305.25,144305.25,power_market/raw/dam/dam_2024-10.html
2024-10-25,96,3140.71,3396.89,1096.01,10000.0,155983.58,155983.58,power_market/raw/dam/dam_2024-10.html
2024-10-26,96,3334.1,3640.16,1499.24,9676.04,146661.35,146661.35,power_market/raw/dam/dam_2024-10.html
2024-10-27,96,2411.85,2593.49,500.21,4199.3,120471.85,120471.85,power_market/raw/dam/dam_2024-10.html
2024-10-28,96,3173.77,3461.4,1500.35,9567.43,133467.06,133467.06,power_market/raw/dam/dam_2024-10.html
2024-10-29,96,3408.15,3742.41,1700.89,10000.0,129091.8,129091.8,power_market/raw/dam/dam_2024-10.html
2024-10-30,96,3800.1,4190.75,1999.23,10000.0,147970.71,147970.71,power_market/raw/dam/dam_2024-10.html
2024-10-31,96,2743.23,3072.53,499.84,5999.86,130197.15,130197.15,power_market/raw/dam/dam_2024-10.html
2024-11-01,96,2682.94,2896.29,999.74,4769.58,138874.78,138874.78,power_market/raw/dam/dam_2024-11.html
2024-11-02,96,2339.39,2512.46,1000.32,4089.11,116920.43,116920.43,power_market/raw/dam/dam_2024-11.html
2024-11-03,96,2183.32,2298.86,574.72,3499.69,134432.31,134432.31,power_market/raw/dam/dam_2024-11.html
2024-11-04,96,3421.94,3725.42,1799.09,10000.0,160299.36,160299.36,power_market/raw/dam/dam_2024-11.html
2024-11-05,96,3610.88,3992.41,1799.99,10000.0,176577.29,176577.29,power_market/raw/dam/dam_2024-11.html
2024-11-06,96,3370.4,3641.34,1799.89,10000.0,178869.84,178869.84,power_market/raw/dam/dam_2024-11.html
2024-11-07,96,3315.58,3581.28,1799.98,10000.0,190547.88,190547.88,power_market/raw/dam/dam_2024-11.html
2024-11-08,96,3372.68,3620.95,1850.91,10000.0,199257.76,199257.76,power_market/raw/dam/dam_2024-11.html
2024-11-09,96,3435.96,3684.56,1850.05,10000.0,205065.29,205065.29,power_market/raw/dam/dam_2024-11.html
2024-11-10,96,2745.72,2849.59,1700.95,4849.03,166893.78,166893.78,power_market/raw/dam/dam_2024-11.html
2024-11-11,96,3767.64,3980.7,2110.1,10000.0,185396.13,185396.13,power_market/raw/dam/dam_2024-11.html
2024-11-12,96,3556.91,3804.64,1850.91,10000.0,184072.31,184072.31,power_market/raw/dam/dam_2024-11.html
2024-11-13,96,3525.72,3760.64,1850.41,10000.0,183205.48,183205.48,power_market/raw/dam/dam_2024-11.html
2024-11-14,96,3477.44,3669.67,1799.97,10000.0,184156.32,184156.32,power_market/raw/dam/dam_2024-11.html
2024-11-15,96,3520.04,3635.96,1799.99,10000.0,201828.96,201828.96,power_market/raw/dam/dam_2024-11.html
2024-11-16,96,3292.38,3385.01,2000.29,10000.0,221665.44,221665.44,power_market/raw/dam/dam_2024-11.html
2024-11-17,96,2763.58,2830.0,1700.84,4299.84,193408.51,193408.51,power_market/raw/dam/dam_2024-11.html
2024-11-18,96,3383.33,3501.77,1850.92,10000.0,227574.3,227574.3,power_market/raw/dam/dam_2024-11.html
2024-11-19,96,3122.89,3234.55,1989.5,7546.97,218181.64,218181.64,power_market/raw/dam/dam_2024-11.html
2024-11-20,96,3009.93,3120.77,1799.55,6270.83,185017.03,185017.03,power_market/raw/dam/dam_2024-11.html
2024-11-21,96,3328.72,3530.93,1799.78,10000.0,185218.4,185218.4,power_market/raw/dam/dam_2024-11.html
2024-11-22,96,3471.04,3643.8,1799.64,10000.0,200948.87,200948.87,power_market/raw/dam/dam_2024-11.html
2024-11-23,96,3607.95,3753.81,1799.54,10000.0,194585.77,194585.77,power_market/raw/dam/dam_2024-11.html
2024-11-24,96,2825.25,2933.08,1700.61,5446.57,170538.14,170538.14,power_market/raw/dam/dam_2024-11.html
2024-11-25,96,3546.83,3713.58,1804.62,10000.0,192849.99,192849.99,power_market/raw/dam/dam_2024-11.html
2024-11-26,96,3620.21,3788.15,1850.7,10000.0,207958.66,207958.66,power_market/raw/dam/dam_2024-11.html
2024-11-27,96,3738.7,3863.14,1989.19,10000.0,196552.18,196552.18,power_market/raw/dam/dam_2024-11.html
2024-11-28,96,3640.47,3870.0,1853.3,10000.0,214276.88,214276.88,power_market/raw/dam/dam_2024-11.html
2024-11-29,96,3444.52,3627.8,1799.82,10000.0,201068.42,201068.42,power_market/raw/dam/dam_2024-11.html
2024-11-30,96,3757.23,3996.29,1800.58,10000.0,200694.18,200694.18,power_market/raw/dam/dam_2024-11.html
2024-12-01,96,3039.12,3112.75,1799.62,6999.08,173104.26,173104.26,power_market/raw/dam/dam_2024-12.html
2024-12-02,96,3558.65,3647.58,2000.55,10000.0,177655.48,177655.48,power_market/raw/dam/dam_2024-12.html
2024-12-03,96,3368.41,3425.39,2000.49,10000.0,178673.32,178673.32,power_market/raw/dam/dam_2024-12.html
2024-12-04,96,3165.77,3194.21,1610.59,10000.0,200472.19,200472.19,power_market/raw/dam/dam_2024-12.html
2024-12-05,96,3951.46,3976.04,2500.27,10000.0,191074.2,191074.2,power_market/raw/dam/dam_2024-12.html
2024-12-06,96,4187.52,4257.05,2250.32,10000.0,197880.41,197880.41,power_market/raw/dam/dam_2024-12.html
2024-12-07,96,3526.05,3532.74,2062.03,10000.0,178417.01,178417.01,power_market/raw/dam/dam_2024-12.html
2024-12-08,96,3021.62,3038.35,2000.31,5000.69,182813.58,182813.58,power_market/raw/dam/dam_2024-12.html
2024-12-09,96,3517.56,3490.21,2120.41,10000.0,197825.84,197825.84,power_market/raw/dam/dam_2024-12.html
2024-12-10,96,3589.07,3542.18,2218.57,10000.0,213416.12,213416.12,power_market/raw/dam/dam_2024-12.html
2024-12-11,96,3906.3,3756.38,2334.19,10000.0,211521.9,211521.9,power_market/raw/dam/dam_2024-12.html
2024-12-12,96,3894.05,3830.93,2334.27,10000.0,222663.52,222663.52,power_market/raw/dam/dam_2024-12.html
2024-12-13,96,3874.57,3821.82,2334.14,10000.0,222258.86,222258.86,power_market/raw/dam/dam_2024-12.html
2024-12-14,96,3447.77,3460.21,2167.68,10000.0,220060.74,220060.74,power_market/raw/dam/dam_2024-12.html
2024-12-15,96,2931.39,2942.39,1989.8,4956.67,222828.49,222828.49,power_market/raw/dam/dam_2024-12.html
2024-12-16,96,3924.77,3906.44,2149.92,10000.0,227624.97,227624.97,power_market/raw/dam/dam_2024-12.html
2024-12-17,96,3988.92,4030.71,2210.51,10000.0,233444.62,233444.62,power_market/raw/dam/dam_2024-12.html
2024-12-18,96,4550.24,4339.66,2258.56,10000.0,225681.9,225681.9,power_market/raw/dam/dam_2024-12.html
2024-12-19,96,4698.72,4474.02,2132.44,10000.0,213813.81,213813.81,power_market/raw/dam/dam_2024-12.html
2024-12-20,96,4488.84,4252.01,2168.13,10000.0,220632.92,220632.92,power_market/raw/dam/dam_2024-12.html
2024-12-21,96,4449.14,4208.04,2119.7,10000.0,226307.45,226307.45,power_market/raw/dam/dam_2024-12.html
2024-12-22,96,3336.43,3366.49,2119.29,7599.08,256030.84,256030.84,power_market/raw/dam/dam_2024-12.html
2024-12-23,96,4489.84,4309.26,1910.6,10000.0,255570.89,255570.89,power_market/raw/dam/dam_2024-12.html
2024-12-24,96,4737.73,4501.65,2200.79,10000.0,243700.16,243700.16,power_market/raw/dam/dam_2024-12.html
2024-12-25,96,4290.38,4266.84,2160.29,10000.0,254278.11,254278.11,power_market/raw/dam/dam_2024-12.html
2024-12-26,96,4542.36,4390.75,2000.22,10000.0,217009.22,217009.22,power_market/raw/dam/dam_2024-12.html
2024-12-27,96,4471.04,4446.86,1931.92,10000.0,231316.77,231316.77,power_market/raw/dam/dam_2024-12.html
2024-12-28,96,3658.73,3616.9,1900.13,10000.0,224911.66,224911.66,power_market/raw/dam/dam_2024-12.html
2024-12-29,96,2934.3,2890.93,1940.27,4429.8,189396.43,189396.43,power_market/raw/dam/dam_2024-12.html
2024-12-30,96,4659.31,4567.48,2119.8,10000.0,223029.0,223029.0,power_market/raw/dam/dam_2024-12.html
2024-12-31,96,4516.62,4384.21,2196.18,10000.0,209712.41,209712.41,power_market/raw/dam/dam_2024-12.html
2025-01-01,96,3724.61,3725.31,2042.22,10000.0,203496.52,203496.52,power_market/raw/dam/dam_2025-01.html
2025-01-02,96,3863.89,3805.29,2019.4,10000.0,230607.14,230607.14,power_market/raw/dam/dam_2025-01.html
2025-01-03,96,3719.84,3756.96,1999.19,10000.0,225633.01,225633.01,power_market/raw/dam/dam_2025-01.html
2025-01-04,96,4253.86,4255.04,2250.25,10000.0,227664.62,227664.62,power_market/raw/dam/dam_2025-01.html
2025-01-05,96,3395.79,3434.36,2135.78,7501.0,199492.01,199492.01,power_market/raw/dam/dam_2025-01.html
2025-01-06,96,4940.59,5003.29,2051.9,10000.0,199499.91,199499.91,power_market/raw/dam/dam_2025-01.html
2025-01-07,96,4928.83,4871.12,2119.58,10000.0,200063.19,200063.19,power_market/raw/dam/dam_2025-01.html
2025-01-08,96,4851.79,4755.7,2097.5,10000.0,191681.92,191681.92,power_market/raw/dam/dam_2025-01.html
2025-01-09,96,5080.65,4886.47,2510.21,10000.0,184143.99,184143.99,power_market/raw/dam/dam_2025-01.html
2025-01-10,96,4972.83,4816.08,2265.03,10000.0,181038.77,181038.77,power_market/raw/dam/dam_2025-01.html
2025-01-11,96,5036.04,4950.31,2385.5,10000.0,189511.72,189511.72,power_market/raw/dam/dam_2025-01.html
2025-01-12,96,4077.94,4395.81,2126.26,10000.0,186512.14,186512.14,power_market/raw/dam/dam_2025-01.html
2025-01-13,96,5147.96,5198.21,2119.3,10000.0,183889.41,183889.41,power_market/raw/dam/dam_2025-01.html
2025-01-14,96,4689.01,4717.72,2390.52,10000.0,206858.48,206858.48,power_market/raw/dam/dam_2025-01.html
2025-01-15,96,4616.28,4881.96,2163.74,10000.0,201244.58,201244.58,power_market/raw/dam/dam_2025-01.html
2025-01-16,96,4506.08,4560.26,2121.89,10000.0,189164.12,189164.12,power_market/raw/dam/dam_2025-01.html
2025-01-17,96,4794.44,4850.73,2102.84,10000.0,189505.77,189505.77,power_market/raw/dam/dam_2025-01.html
2025-01-18,96,4889.92,4826.15,2190.86,10000.0,190487.2,190487.2,power_market/raw/dam/dam_2025-01.html
2025-01-19,96,3813.02,4009.18,2083.6,10000.0,203382.15,203382.15,power_market/raw/dam/dam_2025-01.html
2025-01-20,96,4824.5,4527.03,2139.6,10000.0,176801.72,176801.72,power_market/raw/dam/dam_2025-01.html
2025-01-21,96,4723.16,4553.16,2183.39,10000.0,174966.78,174966.78,power_market/raw/dam/dam_2025-01.html
2025-01-22,96,4424.65,4224.45,2211.92,10000.0,178738.28,178738.28,power_market/raw/dam/dam_2025-01.html
2025-01-23,96,4338.97,4211.69,2215.5,10000.0,191408.82,191408.82,power_market/raw/dam/dam_2025-01.html
2025-01-24,96,4615.11,4349.55,2272.51,10000.0,179886.56,179886.56,power_market/raw/dam/dam_2025-01.html
2025-01-25,96,4264.85,4190.1,2250.86,10000.0,175322.4,175322.4,power_market/raw/dam/dam_2025-01.html
2025-01-26,96,2938.32,3010.05,1615.96,4900.77,173068.74,173068.74,power_market/raw/dam/dam_2025-01.html
2025-01-27,96,4482.04,4480.26,2196.12,10000.0,190870.54,190870.54,power_market/raw/dam/dam_2025-01.html
2025-01-28,96,4327.27,4279.81,2335.56,10000.0,189835.74,189835.74,power_market/raw/dam/dam_2025-01.html
2025-01-29,96,4197.94,4089.43,2480.51,10000.0,194906.28,194906.28,power_market/raw/dam/dam_2025-01.html
2025-01-30,96,4555.55,4400.11,2650.31,10000.0,202128.52,202128.52,power_market/raw/dam/dam_2025-01.html
2025-01-31,96,4610.71,4475.75,2650.5,10000.0,205576.29,205576.29,power_market/raw/dam/dam_2025-01.html
2025-02-01,96,4892.69,4799.35,2899.5,10000.0,201484.06,201484.06,power_market/raw/dam/dam_2025-02.html
2025-02-02,96,3470.61,3527.68,2100.98,8000.0,177055.86,177055.86,power_market/raw/dam/dam_2025-02.html
2025-02-03,96,4607.04,4454.01,2500.81,10000.0,182783.53,182783.53,power_market/raw/dam/dam_2025-02.html
2025-02-04,96,4552.76,4395.15,2740.56,10000.0,190287.98,190287.98,power_market/raw/dam/dam_2025-02.html
2025-02-05,96,4627.15,4500.54,2900.44,10000.0,191412.47,191412.47,power_market/raw/dam/dam_2025-02.html
2025-02-06,96,4713.23,4507.67,2873.65,10000.0,196403.4,196403.4,power_market/raw/dam/dam_2025-02.html
2025-02-07,96,4469.91,4266.61,2865.11,10000.0,188680.2,188680.2,power_market/raw/dam/dam_2025-02.html
2025-02-08,96,3917.07,3840.86,2550.7,10000.0,196422.36,196422.36,power_market/raw/dam/dam_2025-02.html
2025-02-09,96,3266.59,3236.31,2093.54,6999.27,200661.1,200661.1,power_market/raw/dam/dam_2025-02.html
2025-02-10,96,4432.76,4403.15,2670.16,10000.0,188666.01,188666.01,power_market/raw/dam/dam_2025-02.html
2025-02-11,96,4431.13,4445.19,2825.37,10000.0,190479.01,190479.01,power_market/raw/dam/dam_2025-02.html
2025-02-12,96,4792.41,4733.48,2910.12,10000.0,199475.69,199475.69,power_market/raw/dam/dam_2025-02.html
2025-02-13,96,4870.72,4831.11,2940.09,10000.0,201250.7,201250.7,power_market/raw/dam/dam_2025-02.html
2025-02-14,96,4571.41,4543.1,2939.02,10000.0,193533.82,193533.82,power_market/raw/dam/dam_2025-02.html
2025-02-15,96,4129.35,4207.2,2821.42,10000.0,195265.32,195265.32,power_market/raw/dam/dam_2025-02.html
2025-02-16,96,3143.99,3171.06,2032.4,4680.96,189350.43,189350.43,power_market/raw/dam/dam_2025-02.html
2025-02-17,96,4376.56,4462.15,2750.72,10000.0,202471.39,202471.39,power_market/raw/dam/dam_2025-02.html
2025-02-18,96,4327.33,4333.93,2830.48,10000.0,195744.31,195744.31,power_market/raw/dam/dam_2025-02.html
2025-02-19,96,4474.99,4386.34,2770.78,10000.0,179167.8,179167.8,power_market/raw/dam/dam_2025-02.html
2025-02-20,96,4501.5,4361.55,2599.58,10000.0,185286.31,185286.31,power_market/raw/dam/dam_2025-02.html
2025-02-21,96,4847.23,4710.22,2598.99,10000.0,196572.09,196572.09,power_market/raw/dam/dam_2025-02.html
2025-02-22,96,4690.03,4522.51,2600.07,10000.0,209834.71,209834.71,power_market/raw/dam/dam_2025-02.html
2025-02-23,96,3895.73,4010.38,2367.36,10000.0,202352.74,202352.74,power_market/raw/dam/dam_2025-02.html
2025-02-24,96,4753.77,4591.44,2620.75,10000.0,198666.02,198666.02,power_market/raw/dam/dam_2025-02.html
2025-02-25,96,4674.27,4576.14,2630.09,10000.0,190146.09,190146.09,power_market/raw/dam/dam_2025-02.html
2025-02-26,96,4381.5,4288.75,2640.4,10000.0,175451.06,175451.06,power_market/raw/dam/dam_2025-02.html
2025-02-27,96,4344.86,4302.67,2640.86,10000.0,197723.94,197723.94,power_market/raw/dam/dam_2025-02.html
2025-02-28,96,4519.81,4578.7,2870.6,10000.0,191969.1,191969.1,power_market/raw/dam/dam_2025-02.html
2025-03-01,96,4218.2,4171.77,2530.22,10000.0,161996.95,161996.95,power_market/raw/dam/dam_2025-03.html
2025-03-02,96,3604.27,3557.22,2164.76,6897.54,170145.2,170145.2,power_market/raw/dam/dam_2025-03.html
2025-03-03,96,4970.2,4716.75,2710.47,10000.0,174562.78,174562.78,power_market/raw/dam/dam_2025-03.html
2025-03-04,96,5048.75,4732.0,2740.32,10000.0,171366.07,171366.07,power_market/raw/dam/dam_2025-03.html
2025-03-05,96,4999.26,4560.49,2560.86,10000.0,174961.38,174961.38,power_market/raw/dam/dam_2025-03.html
2025-03-06,96,4814.31,4468.0,2598.11,10000.0,184777.4,184777.4,power_market/raw/dam/dam_2025-03.html
2025-03-07,96,5070.84,4656.42,2570.95,10000.0,184094.0,184094.0,power_market/raw/dam/dam_2025-03.html
2025-03-08,96,4609.85,4309.84,2505.86,10000.0,178342.06,178342.06,power_market/raw/dam/dam_2025-03.html
2025-03-09,96,3500.63,3437.71,2164.55,5999.01,158029.17,158029.17,power_market/raw/dam/dam_2025-03.html
2025-03-10,96,4940.85,4811.29,2940.01,10000.0,176428.5,176428.5,power_market/raw/dam/dam_2025-03.html
2025-03-11,96,4776.42,4678.79,2790.28,10000.0,180886.73,180886.73,power_market/raw/dam/dam_2025-03.html
2025-03-12,96,4853.12,4681.58,2780.25,10000.0,190729.93,190729.93,power_market/raw/dam/dam_2025-03.html
2025-03-13,96,4603.62,4546.1,2790.83,10000.0,189007.86,189007.86,power_market/raw/dam/dam_2025-03.html
2025-03-14,96,2969.51,3056.18,1724.07,4577.76,209500.15,209500.15,power_market/raw/dam/dam_2025-03.html
2025-03-15,96,3596.52,3514.95,1999.73,10000.0,185095.38,185095.38,power_market/raw/dam/dam_2025-03.html
2025-03-16,96,3235.1,3186.81,999.92,5450.11,194075.56,194075.56,power_market/raw/dam/dam_2025-03.html
2025-03-17,96,4901.02,4584.31,2679.36,10000.0,177058.97,177058.97,power_market/raw/dam/dam_2025-03.html
2025-03-18,96,5136.01,4714.66,2700.13,10000.0,186635.61,186635.61,power_market/raw/dam/dam_2025-03.html
2025-03-19,96,4667.96,4325.82,2397.37,10000.0,195225.97,195225.97,power_market/raw/dam/dam_2025-03.html
2025-03-20,96,4554.19,4181.42,2550.03,10000.0,184024.18,184024.18,power_market/raw/dam/dam_2025-03.html
2025-03-21,96,5091.47,4491.87,2428.47,10000.0,168832.82,168832.82,power_market/raw/dam/dam_2025-03.html
2025-03-22,96,4533.88,4149.57,2044.45,10000.0,165679.04,165679.04,power_market/raw/dam/dam_2025-03.html
2025-03-23,96,2870.63,2827.01,1200.94,6500.21,127609.15,127609.15,power_market/raw/dam/dam_2025-03.html
2025-03-24,96,3898.09,3654.06,2027.85,10000.0,166462.23,166462.23,power_market/raw/dam/dam_2025-03.html
2025-03-25,96,4152.41,3846.12,2115.45,10000.0,178363.78,178363.78,power_market/raw/dam/dam_2025-03.html
2025-03-26,96,4506.74,4173.34,2115.35,10000.0,179227.1,179227.1,power_market/raw/dam/dam_2025-03.html
2025-03-27,96,4954.29,4350.36,2049.56,10000.0,174224.68,174224.68,power_market/raw/dam/dam_2025-03.html
2025-03-28,96,5181.79,4461.11,2221.34,10000.0,172523.75,172523.75,power_market/raw/dam/dam_2025-03.html
2025-03-29,96,5800.86,5039.92,2370.56,10000.0,168055.82,168055.82,power_market/raw/dam/dam_2025-03.html
2025-03-30,96,3823.77,3628.46,1870.11,6999.3,185020.36,185020.36,power_market/raw/dam/dam_2025-03.html
2025-03-31,96,4586.96,4231.0,1948.03,10000.0,185630.92,185630.92,power_market/raw/dam/dam_2025-03.html
2025-04-01,96,5007.49,4683.73,1948.93,10000.0,210816.59,210816.59,power_market/raw/dam/dam_2025-04.html
2025-04-02,96,4614.87,4234.35,1819.18,10000.0,193628.52,193628.52,power_market/raw/dam/dam_2025-04.html
2025-04-03,96,4132.13,3901.44,1653.43,10000.0,158409.37,158409.37,power_market/raw/dam/dam_2025-04.html
2025-04-04,96,4932.5,4434.52,1948.08,10000.0,181013.58,181013.58,power_market/raw/dam/dam_2025-04.html
2025-04-05,96,3879.17,3642.23,1817.32,10000.0,161702.81,161702.81,power_market/raw/dam/dam_2025-04.html
2025-04-06,96,3321.13,3096.67,1199.05,6000.16,167561.94,167561.94,power_market/raw/dam/dam_2025-04.html
2025-04-07,96,5492.39,4628.06,1999.87,10000.0,172260.11,172260.11,power_market/raw/dam/dam_2025-04.html
2025-04-08,96,5139.99,4509.07,2080.33,10000.0,182789.12,182789.12,power_market/raw/dam/dam_2025-04.html
2025-04-09,96,5877.65,5048.19,1832.56,10000.0,176060.2,176060.2,power_market/raw/dam/dam_2025-04.html
2025-04-10,96,6355.19,5303.19,1890.2,10000.0,170142.57,170142.57,power_market/raw/dam/dam_2025-04.html
2025-04-11,96,5766.94,4898.9,1749.97,10000.0,176813.7,176813.7,power_market/raw/dam/dam_2025-04.html
2025-04-12,96,3443.68,3369.89,1300.84,7599.19,148579.63,148579.63,power_market/raw/dam/dam_2025-04.html
2025-04-13,96,2922.28,2960.01,300.88,4999.22,139764.6,139764.6,power_market/raw/dam/dam_2025-04.html
2025-04-14,96,4436.6,4465.94,500.95,10000.0,161940.08,161940.08,power_market/raw/dam/dam_2025-04.html
2025-04-15,96,4745.6,4457.36,1648.38,10000.0,154135.28,154135.28,power_market/raw/dam/dam_2025-04.html
2025-04-16,96,5082.33,4580.92,1648.2,10000.0,149449.15,149449.15,power_market/raw/dam/dam_2025-04.html
2025-04-17,96,5549.03,4792.94,1648.61,10000.0,146598.57,146598.57,power_market/raw/dam/dam_2025-04.html
2025-04-18,96,5396.28,4940.96,1648.36,10000.0,153831.8,153831.8,power_market/raw/dam/dam_2025-04.html
2025-04-19,96,4963.57,4659.18,1439.93,10000.0,161623.01,161623.01,power_market/raw/dam/dam_2025-04.html
2025-04-20,96,3295.31,3525.91,500.49,7599.7,134203.57,134203.57,power_market/raw/dam/dam_2025-04.html
2025-04-21,96,5627.41,4813.94,1750.19,10000.0,142424.45,142424.45,power_market/raw/dam/dam_2025-04.html
2025-04-22,96,6632.43,5354.63,1999.94,10000.0,136282.13,136282.13,power_market/raw/dam/dam_2025-04.html
2025-04-23,96,6725.71,4715.85,1889.25,10000.0,94082.78,94082.78,power_market/raw/dam/dam_2025-04.html
2025-04-24,96,6737.22,5095.75,2395.02,10000.0,96942.59,96942.59,power_market/raw/dam/dam_2025-04.html
2025-04-25,96,6780.1,4952.74,2268.5,10000.0,106935.26,106935.26,power_market/raw/dam/dam_2025-04.html
2025-04-26,96,6748.64,4822.23,2200.95,10000.0,94818.6,94818.6,power_market/raw/dam/dam_2025-04.html
2025-04-27,96,5975.04,4339.35,1000.04,10000.0,96468.13,96468.13,power_market/raw/dam/dam_2025-04.html
2025-04-28,96,5979.5,4291.49,1769.46,10000.0,82894.87,82894.87,power_market/raw/dam/dam_2025-04.html
2025-04-29,96,5261.47,4107.01,1745.13,10000.0,94541.73,94541.73,power_market/raw/dam/dam_2025-04.html
2025-04-30,96,5270.26,4320.78,1788.0,10000.0,104998.14,104998.14,power_market/raw/dam/dam_2025-04.html
2025-05-01,96,4142.11,3575.42,500.72,10000.0,89716.83,89716.83,power_market/raw/dam/dam_2025-05.html
2025-05-02,96,4681.19,3717.22,1676.63,10000.0,84231.07,84231.07,power_market/raw/dam/dam_2025-05.html
2025-05-03,96,4040.33,3748.67,500.85,10000.0,107958.28,107958.28,power_market/raw/dam/dam_2025-05.html
2025-05-04,96,3111.89,3089.48,700.83,6300.82,98797.99,98797.99,power_market/raw/dam/dam_2025-05.html
2025-05-05,96,4146.33,3829.53,1643.17,10000.0,90716.68,90716.68,power_market/raw/dam/dam_2025-05.html
2025-05-06,96,4503.89,4327.58,1889.9,10000.0,98174.92,98174.92,power_market/raw/dam/dam_2025-05.html
2025-05-07,96,3765.01,3931.88,1900.57,9999.44,107270.93,107270.93,power_market/raw/dam/dam_2025-05.html
2025-05-08,96,3589.91,3838.9,1731.28,9999.52,118613.25,118613.25,power_market/raw/dam/dam_2025-05.html
2025-05-09,96,4477.02,4718.0,1800.9,10000.0,106341.16,106341.16,power_market/raw/dam/dam_2025-05.html
2025-05-10,96,4656.69,4633.56,1799.7,10000.0,117590.24,117590.24,power_market/raw/dam/dam_2025-05.html
2025-05-11,96,4175.89,4363.13,1491.0,10000.0,122415.81,122415.81,power_market/raw/dam/dam_2025-05.html
2025-05-12,96,5506.74,5060.16,1999.94,10000.0,115677.43,115677.43,power_market/raw/dam/dam_2025-05.html
2025-05-13,96,5404.29,4589.36,2000.58,10000.0,94761.3,94761.3,power_market/raw/dam/dam_2025-05.html
2025-05-14,96,5454.22,4300.99,1750.02,10000.0,93877.18,93877.18,power_market/raw/dam/dam_2025-05.html
2025-05-15,96,5572.33,4315.33,2071.97,10000.0,94067.05,94067.05,power_market/raw/dam/dam_2025-05.html
2025-05-16,96,5954.93,4410.52,2400.14,10000.0,91507.41,91507.41,power_market/raw/dam/dam_2025-05.html
2025-05-17,96,5443.77,4018.56,1999.85,10000.0,87450.31,87450.31,power_market/raw/dam/dam_2025-05.html
2025-05-18,96,4135.7,3996.58,1199.89,10000.0,97783.24,97783.24,power_market/raw/dam/dam_2025-05.html
2025-05-19,96,4392.44,4040.38,1500.19,10000.0,87208.37,87208.37,power_market/raw/dam/dam_2025-05.html
2025-05-20,96,4607.05,4016.36,1600.74,10000.0,96425.2,96425.2,power_market/raw/dam/dam_2025-05.html
2025-05-21,96,4899.85,4366.24,1500.63,10000.0,102756.04,102756.04,power_market/raw/dam/dam_2025-05.html
2025-05-22,96,4791.07,4223.74,1596.4,10000.0,121116.32,121116.32,power_market/raw/dam/dam_2025-05.html
2025-05-23,96,3068.76,3432.15,300.49,10000.0,113228.48,113228.48,power_market/raw/dam/dam_2025-05.html
2025-05-24,96,3056.85,3190.85,299.87,10000.0,126616.03,126616.03,power_market/raw/dam/dam_2025-05.html
2025-05-25,96,2690.89,2814.47,199.55,7599.24,130617.67,130617.67,power_market/raw/dam/dam_2025-05.html
2025-05-26,96,3162.68,3064.11,248.39,10000.0,138775.34,138775.34,power_market/raw/dam/dam_2025-05.html
2025-05-27,96,3221.71,3226.05,200.93,10000.0,139049.25,139049.25,power_market/raw/dam/dam_2025-05.html
2025-05-28,96,3338.91,3224.52,999.06,10000.0,144613.45,144613.45,power_market/raw/dam/dam_2025-05.html
2025-05-29,96,2871.72,2713.96,499.96,5999.92,141274.35,141274.35,power_market/raw/dam/dam_2025-05.html
2025-05-30,96,2737.34,2708.01,499.2,5999.3,151478.83,151478.83,power_market/raw/dam/dam_2025-05.html
2025-05-31,96,2420.66,2647.95,199.9,5499.05,151102.34,151102.34,power_market/raw/dam/dam_2025-05.html
2025-06-01,96,1996.05,2110.31,99.27,4752.03,138273.14,138273.14,power_market/raw/dam/dam_2025-06.html
2025-06-02,96,2873.7,2972.92,199.39,9909.05,147868.41,147868.41,power_market/raw/dam/dam_2025-06.html
2025-06-03,96,3332.32,3314.57,350.88,10000.0,171032.67,171032.67,power_market/raw/dam/dam_2025-06.html
2025-06-04,96,4022.77,3895.11,1178.6,10000.0,184732.22,184732.22,power_market/raw/dam/dam_2025-06.html
2025-06-05,96,4222.93,3945.22,1333.45,10000.0,171876.34,171876.34,power_market/raw/dam/dam_2025-06.html
2025-06-06,96,4466.49,4083.7,1500.11,10000.0,154588.76,154588.76,power_market/raw/dam/dam_2025-06.html
2025-06-07,96,4908.52,4062.49,1799.62,10000.0,134571.14,134571.14,power_market/raw/dam/dam_2025-06.html
2025-06-08,96,4212.3,3845.11,500.93,10000.0,150830.62,150830.62,power_market/raw/dam/dam_2025-06.html
2025-06-09,96,5065.92,4202.78,1552.37,10000.0,143823.81,143823.81,power_market/raw/dam/dam_2025-06.html
2025-06-10,96,5184.98,3841.57,1199.81,10000.0,156351.12,156351.12,power_market/raw/dam/dam_2025-06.html
2025-06-11,96,5314.17,4322.18,1699.82,10000.0,165637.43,165637.43,power_market/raw/dam/dam_2025-06.html
2025-06-12,96,5171.11,4149.84,1807.61,10000.0,154543.59,154543.59,power_market/raw/dam/dam_2025-06.html
2025-06-13,96,5533.82,4454.36,1999.57,10000.0,151076.73,151076.73,power_market/raw/dam/dam_2025-06.html
2025-06-14,96,5898.93,4936.28,2000.95,10000.0,147160.75,147160.75,power_market/raw/dam/dam_2025-06.html
2025-06-15,96,4622.77,4432.51,1736.67,10000.0,143353.32,143353.32,power_market/raw/dam/dam_2025-06.html
2025-06-16,96,4584.92,4229.65,2273.77,10000.0,156523.26,156523.26,power_market/raw/dam/dam_2025-06.html
2025-06-17,96,4516.09,4143.97,2190.27,10000.0,166695.91,166577.84,power_market/raw/dam/dam_2025-06.html
2025-06-18,96,2809.83,2659.66,999.72,5447.29,111275.65,111275.65,power_market/raw/dam/dam_2025-06.html
2025-06-19,96,2390.22,2325.38,686.7,3830.98,133276.69,133276.69,power_market/raw/dam/dam_2025-06.html
2025-06-20,96,2651.16,2582.14,499.3,7000.99,146128.66,146128.66,power_market/raw/dam/dam_2025-06.html
2025-06-21,96,3267.43,3332.27,750.81,10000.0,157664.46,157664.46,power_market/raw/dam/dam_2025-06.html
2025-06-22,96,2303.72,2449.64,299.41,4990.63,165042.75,165042.75,power_market/raw/dam/dam_2025-06.html
2025-06-23,96,3409.26,3241.51,540.73,10000.0,153025.74,153025.74,power_market/raw/dam/dam_2025-06.html
2025-06-24,96,3273.95,3164.64,1000.74,10000.0,156707.92,156707.92,power_market/raw/dam/dam_2025-06.html
2025-06-25,96,3638.42,3554.06,1325.29,10000.0,155906.48,155906.48,power_market/raw/dam/dam_2025-06.html
2025-06-26,96,3932.26,3817.0,1699.02,10000.0,162141.62,162141.62,power_market/raw/dam/dam_2025-06.html
2025-06-27,96,4443.98,4314.67,1758.84,10000.0,172286.89,172286.89,power_market/raw/dam/dam_2025-06.html
2025-06-28,96,4195.85,4048.33,1758.39,10000.0,158894.34,158894.34,power_market/raw/dam/dam_2025-06.html
2025-06-29,96,2243.26,2157.81,900.59,3517.51,125677.99,125677.99,power_market/raw/dam/dam_2025-06.html
2025-06-30,96,2638.52,2481.08,1295.21,5499.33,144002.95,144002.95,power_market/raw/dam/dam_2025-06.html
2025-07-01,96,2735.02,2697.51,1449.26,4689.13,151472.05,151472.05,power_market/raw/dam/dam_2025-07.html
2025-07-02,96,2914.59,2981.04,1667.48,5200.78,168667.2,168667.2,power_market/raw/dam/dam_2025-07.html
2025-07-03,96,3705.4,3626.71,1736.04,9799.34,174653.19,174653.19,power_market/raw/dam/dam_2025-07.html
2025-07-04,96,4582.15,4473.08,1750.48,10000.0,202541.29,202541.29,power_market/raw/dam/dam_2025-07.html
2025-07-05,96,4445.76,4296.18,1699.22,10000.0,181017.9,181017.9,power_market/raw/dam/dam_2025-07.html
2025-07-06,96,3072.52,3145.3,1076.81,4999.42,156910.62,156910.62,power_market/raw/dam/dam_2025-07.html
2025-07-07,96,3352.13,3365.78,1296.73,9499.46,145713.49,145713.49,power_market/raw/dam/dam_2025-07.html
2025-07-08,96,4037.18,4060.54,1750.37,10000.0,159871.67,159871.67,power_market/raw/dam/dam_2025-07.html
2025-07-09,96,4474.23,4415.6,1750.16,10000.0,168254.08,168254.08,power_market/raw/dam/dam_2025-07.html
2025-07-10,96,5252.48,5065.46,1775.94,10000.0,164660.12,164660.12,power_market/raw/dam/dam_2025-07.html
2025-07-11,96,4609.89,4436.18,1790.88,10000.0,168215.26,168215.26,power_market/raw/dam/dam_2025-07.html
2025-07-12,96,5337.67,4973.87,2203.6,10000.0,183174.02,183174.02,power_market/raw/dam/dam_2025-07.html
2025-07-13,96,4554.19,4508.2,1410.9,10000.0,179338.59,179338.59,power_market/raw/dam/dam_2025-07.html
2025-07-14,96,4978.49,4463.91,2565.22,10000.0,221520.16,221520.16,power_market/raw/dam/dam_2025-07.html
2025-07-15,96,4517.28,4178.98,2249.37,10000.0,221270.87,221270.87,power_market/raw/dam/dam_2025-07.html
2025-07-16,96,4563.59,4322.25,1782.52,10000.0,207022.42,207022.42,power_market/raw/dam/dam_2025-07.html
2025-07-17,96,5773.3,5414.89,2490.79,10000.0,245712.24,245712.24,power_market/raw/dam/dam_2025-07.html
2025-07-18,96,4762.61,4320.26,2079.95,10000.0,205032.09,205032.09,power_market/raw/dam/dam_2025-07.html
2025-07-19,96,4897.1,4652.14,2205.84,10000.0,226890.83,226890.83,power_market/raw/dam/dam_2025-07.html
2025-07-20,96,3603.93,3746.26,1709.51,9529.49,204579.27,202777.0,power_market/raw/dam/dam_2025-07.html
2025-07-21,96,4778.4,4412.58,2119.24,10000.0,196706.14,197004.09,power_market/raw/dam/dam_2025-07.html
2025-07-22,96,4701.56,4424.36,2116.51,10000.0,202823.4,201083.27,power_market/raw/dam/dam_2025-07.html
2025-07-23,96,5057.5,4768.25,2116.14,10000.0,202139.08,195472.85,power_market/raw/dam/dam_2025-07.html
2025-07-24,96,4700.35,4449.27,1690.3,10000.0,194032.79,177388.05,power_market/raw/dam/dam_2025-07.html
2025-07-25,96,4500.28,4424.57,1250.49,10000.0,164039.74,156109.76,power_market/raw/dam/dam_2025-07.html
2025-07-26,96,4066.31,3968.23,894.6,10000.0,167978.99,159063.91,power_market/raw/dam/dam_2025-07.html
2025-07-27,96,1920.81,2225.34,100.09,4000.35,97213.45,95642.92,power_market/raw/dam/dam_2025-07.html
2025-07-28,96,3035.67,3021.34,1099.56,5529.57,130059.34,128877.54,power_market/raw/dam/dam_2025-07.html
2025-07-29,96,3223.41,3074.45,1721.63,5976.6,142228.6,142228.6,power_market/raw/dam/dam_2025-07.html
2025-07-30,96,3790.87,3671.28,1599.61,10000.0,153513.71,153513.71,power_market/raw/dam/dam_2025-07.html
2025-07-31,96,3918.77,3942.76,1699.5,10000.0,155729.19,155729.19,power_market/raw/dam/dam_2025-07.html
2025-08-01,96,4371.06,4410.14,1935.39,10000.0,164458.27,164458.27,power_market/raw/dam/dam_2025-08.html
2025-08-02,96,4306.84,4393.42,1699.22,10000.0,175323.43,175323.43,power_market/raw/dam/dam_2025-08.html
2025-08-03,96,3253.17,3370.45,499.73,5392.58,178739.48,178739.48,power_market/raw/dam/dam_2025-08.html
2025-08-04,96,4904.56,4693.06,2000.58,10000.0,203687.74,203687.74,power_market/raw/dam/dam_2025-08.html
2025-08-05,96,4242.77,4416.05,1002.83,10000.0,223288.81,223288.81,power_market/raw/dam/dam_2025-08.html
2025-08-06,96,4841.76,4706.64,1961.82,10000.0,248470.23,248470.23,power_market/raw/dam/dam_2025-08.html
2025-08-07,96,4714.1,4417.57,1002.83,10000.0,185713.84,185713.84,power_market/raw/dam/dam_2025-08.html
2025-08-08,96,4904.67,4635.17,1999.78,10000.0,172571.74,172571.74,power_market/raw/dam/dam_2025-08.html
2025-08-09,96,4781.11,4522.26,1500.66,10000.0,167568.47,167568.47,power_market/raw/dam/dam_2025-08.html
2025-08-10,96,2954.33,3098.07,981.4,5500.53,155752.36,155752.36,power_market/raw/dam/dam_2025-08.html
2025-08-11,96,4478.96,4195.63,1699.2,10000.0,138370.29,138370.29,power_market/raw/dam/dam_2025-08.html
2025-08-12,96,4540.51,4222.94,1979.43,10000.0,157672.68,157672.68,power_market/raw/dam/dam_2025-08.html
2025-08-13,96,4476.5,4200.76,1479.18,10000.0,160775.33,160775.33,power_market/raw/dam/dam_2025-08.html
2025-08-14,96,4395.68,4262.4,1699.08,10000.0,175383.33,175383.33,power_market/raw/dam/dam_2025-08.html
2025-08-15,96,2592.67,2828.86,91.0,4759.63,167985.38,167985.38,power_market/raw/dam/dam_2025-08.html
2025-08-16,96,3697.33,4109.37,499.5,10000.0,160032.4,160032.4,power_market/raw/dam/dam_2025-08.html
2025-08-17,96,2417.97,2781.56,99.04,5000.46,139123.74,139127.13,power_market/raw/dam/dam_2025-08.html
2025-08-18,96,4322.94,4484.15,1399.99,10000.0,158650.2,158299.16,power_market/raw/dam/dam_2025-08.html
2025-08-19,96,4098.11,4126.09,1340.66,10000.0,156578.91,155259.94,power_market/raw/dam/dam_2025-08.html
2025-08-20,96,4121.18,4278.42,512.9,10000.0,150636.0,149590.56,power_market/raw/dam/dam_2025-08.html
2025-08-21,96,4569.5,4404.68,1696.84,10000.0,126317.54,126317.54,power_market/raw/dam/dam_2025-08.html
2025-08-22,96,4812.87,4624.8,1721.4,10000.0,125119.86,125119.86,power_market/raw/dam/dam_2025-08.html
2025-08-23,96,4746.71,4175.58,1999.74,10000.0,116233.03,116233.03,power_market/raw/dam/dam_2025-08.html
2025-08-24,96,2547.43,2453.93,450.99,4259.96,114126.4,114126.4,power_market/raw/dam/dam_2025-08.html
2025-08-25,96,4057.74,3827.48,1951.72,10000.0,120633.13,120633.13,power_market/raw/dam/dam_2025-08.html
2025-08-26,96,3676.86,3332.54,1448.29,10000.0,142299.13,142299.13,power_market/raw/dam/dam_2025-08.html
2025-08-27,96,3599.91,3494.5,99.48,10000.0,148319.64,148319.64,power_market/raw/dam/dam_2025-08.html
2025-08-28,96,4184.07,3802.08,899.35,10000.0,142460.24,142460.24,power_market/raw/dam/dam_2025-08.html
2025-08-29,96,3585.06,3522.95,499.32,10000.0,119712.6,119712.6,power_market/raw/dam/dam_2025-08.html
2025-08-30,96,3737.56,3606.96,399.19,10000.0,122829.66,122829.66,power_market/raw/dam/dam_2025-08.html
2025-08-31,96,2101.99,2356.35,50.21,4501.0,117585.5,117585.5,power_market/raw/dam/dam_2025-08.html
2025-09-01,96,3008.74,2771.27,999.83,10000.0,127340.62,127340.62,power_market/raw/dam/dam_2025-09.html
2025-09-02,96,2487.39,2519.87,399.02,10000.0,119114.58,119114.58,power_market/raw/dam/dam_2025-09.html
2025-09-03,96,2385.79,2436.64,179.12,10000.0,126030.7,126030.7,power_market/raw/dam/dam_2025-09.html
2025-09-04,96,2926.85,2959.76,499.18,10000.0,169066.65,169066.65,power_market/raw/dam/dam_2025-09.html
2025-09-05,96,3132.8,3248.94,1000.39,10000.0,166748.97,166748.97,power_market/raw/dam/dam_2025-09.html
2025-09-06,96,3362.7,3309.72,1420.57,10000.0,168544.35,168544.35,power_market/raw/dam/dam_2025-09.html
2025-09-07,96,2549.06,2598.92,859.32,5000.05,167046.66,167046.66,power_market/raw/dam/dam_2025-09.html
2025-09-08,96,4526.06,3949.92,1833.45,10000.0,185265.56,185265.56,power_market/raw/dam/dam_2025-09.html
2025-09-09,96,4530.22,3819.48,1999.13,10000.0,175341.11,175341.11,power_market/raw/dam/dam_2025-09.html
2025-09-10,96,4823.87,4155.9,1833.17,10000.0,169170.56,169170.56,power_market/raw/dam/dam_2025-09.html
2025-09-11,96,5155.08,4646.75,1954.62,10000.0,141872.43,141872.43,power_market/raw/dam/dam_2025-09.html
2025-09-12,96,4594.83,4266.49,1645.0,10000.0,129596.24,129596.24,power_market/raw/dam/dam_2025-09.html
2025-09-13,96,4403.35,4084.9,1439.98,10000.0,131013.0,131013.0,power_market/raw/dam/dam_2025-09.html
2025-09-14,96,2549.69,2731.92,199.85,5075.71,111535.82,111535.82,power_market/raw/dam/dam_2025-09.html
2025-09-15,96,4212.69,3880.68,1000.5,10000.0,121812.93,121812.93,power_market/raw/dam/dam_2025-09.html
2025-09-16,96,3925.75,3214.1,300.69,10000.0,113808.1,113808.1,power_market/raw/dam/dam_2025-09.html
2025-09-17,96,4095.84,3613.03,249.71,10000.0,114983.09,114983.09,power_market/raw/dam/dam_2025-09.html
2025-09-18,96,4090.4,3724.28,930.94,10000.0,124375.42,124375.42,power_market/raw/dam/dam_2025-09.html
2025-09-19,96,4055.43,3698.17,1100.49,10000.0,125492.53,125492.53,power_market/raw/dam/dam_2025-09.html
2025-09-20,96,4160.89,3755.18,1346.59,10000.0,132917.73,132917.73,power_market/raw/dam/dam_2025-09.html
2025-09-21,96,2615.74,2662.6,700.71,4870.17,133835.1,133835.1,power_market/raw/dam/dam_2025-09.html
2025-09-22,96,4128.96,3916.5,1710.92,10000.0,140460.47,140460.47,power_market/raw/dam/dam_2025-09.html
2025-09-23,96,3675.78,3378.99,1111.14,10000.0,129124.8,129124.8,power_market/raw/dam/dam_2025-09.html
2025-09-24,96,3411.56,3401.78,1490.62,10000.0,114548.51,114548.51,power_market/raw/dam/dam_2025-09.html
2025-09-25,96,3700.85,3890.72,1220.4,10000.0,141247.2,141233.57,power_market/raw/dam/dam_2025-09.html
2025-09-26,96,3573.99,3703.58,1108.2,10000.0,148521.66,148382.03,power_market/raw/dam/dam_2025-09.html
2025-09-27,96,3328.12,3438.04,300.98,10000.0,155681.98,155450.13,power_market/raw/dam/dam_2025-09.html
2025-09-28,96,1833.0,2210.58,49.96,4500.71,121887.72,121887.72,power_market/raw/dam/dam_2025-09.html
2025-09-29,96,3495.13,3791.12,899.72,10000.0,132917.65,132271.16,power_market/raw/dam/dam_2025-09.html
2025-09-30,96,2647.13,2803.12,199.8,9499.47,132216.73,132216.73,power_market/raw/dam/dam_2025-09.html
2025-10-01,96,3698.53,4011.06,499.45,10000.0,184620.52,184620.52,power_market/raw/dam/dam_2025-10.html
2025-10-02,96,1516.43,1787.98,49.51,2829.58,115411.87,115411.87,power_market/raw/dam/dam_2025-10.html
2025-10-03,96,2694.93,3058.05,99.84,10000.0,125820.3,125820.3,power_market/raw/dam/dam_2025-10.html
2025-10-04,96,3005.55,3348.64,499.4,10000.0,132456.81,132456.81,power_market/raw/dam/dam_2025-10.html
2025-10-05,96,2551.87,2625.74,1012.08,4319.49,149877.9,149877.9,power_market/raw/dam/dam_2025-10.html
2025-10-06,96,2960.8,3111.77,1011.42,10000.0,127023.21,127023.21,power_market/raw/dam/dam_2025-10.html
2025-10-07,96,2545.27,3081.43,99.77,10000.0,134441.66,134441.66,power_market/raw/dam/dam_2025-10.html
2025-10-08,96,2621.01,2971.16,99.7,10000.0,148590.54,148590.54,power_market/raw/dam/dam_2025-10.html
2025-10-09,96,2940.63,3304.84,499.71,10000.0,147419.0,147419.0,power_market/raw/dam/dam_2025-10.html
2025-10-10,96,2929.27,3386.89,199.62,10000.0,149753.96,149753.96,power_market/raw/dam/dam_2025-10.html
2025-10-11,96,3219.99,3388.36,499.83,10000.0,161852.11,161852.11,power_market/raw/dam/dam_2025-10.html
2025-10-12,96,2055.03,2406.12,99.64,4859.88,144800.72,144800.72,power_market/raw/dam/dam_2025-10.html
2025-10-13,96,2964.04,3082.67,499.8,10000.0,148103.63,148103.63,power_market/raw/dam/dam_2025-10.html
2025-10-14,96,3019.35,3310.26,499.93,10000.0,140054.94,140054.94,power_market/raw/dam/dam_2025-10.html
2025-10-15,96,3403.5,3354.11,1005.3,10000.0,165833.3,165833.3,power_market/raw/dam/dam_2025-10.html
2025-10-16,96,3390.91,3382.11,1005.78,10000.0,165349.36,165349.36,power_market/raw/dam/dam_2025-10.html
2025-10-17,96,3488.25,3409.01,1005.65,10000.0,168316.82,168316.82,power_market/raw/dam/dam_2025-10.html
2025-10-18,96,3360.66,3527.58,1540.54,10000.0,155216.72,155216.72,power_market/raw/dam/dam_2025-10.html
2025-10-19,96,2099.76,2113.37,99.47,4769.1,146712.7,146712.7,power_market/raw/dam/dam_2025-10.html
2025-10-20,96,1870.02,1938.98,99.78,3989.43,152351.66,152351.66,power_market/raw/dam/dam_2025-10.html
2025-10-21,96,2145.7,2311.09,250.8,4964.9,172772.03,172772.03,power_market/raw/dam/dam_2025-10.html
2025-10-22,96,2334.57,2434.55,600.07,4431.83,157690.75,157690.75,power_market/raw/dam/dam_2025-10.html
2025-10-23,96,2379.06,2440.93,631.32,5100.49,156832.26,156832.26,power_market/raw/dam/dam_2025-10.html
2025-10-24,96,2750.08,2857.52,1400.95,6402.83,171659.26,171659.26,power_market/raw/dam/dam_2025-10.html
2025-10-25,96,2569.05,2652.91,1400.48,5499.15,159389.23,159389.23,power_market/raw/dam/dam_2025-10.html
2025-10-26,96,2236.44,2262.19,800.87,4741.47,159413.92,159413.92,power_market/raw/dam/dam_2025-10.html
2025-10-27,96,2403.71,2532.48,1200.47,5499.52,133480.05,133480.05,power_market/raw/dam/dam_2025-10.html
2025-10-28,96,2689.8,2847.66,1750.07,6500.72,162069.04,162069.04,power_market/raw/dam/dam_2025-10.html
2025-10-29,96,2358.04,2445.6,1610.67,5361.5,171548.47,171548.47,power_market/raw/dam/dam_2025-10.html
2025-10-30,96,2103.84,2238.27,499.61,4960.14,147505.18,147505.18,power_market/raw/dam/dam_2025-10.html
2025-10-31,96,2433.32,2637.6,930.16,7599.8,162524.67,162524.67,power_market/raw/dam/dam_2025-10.html
2025-11-01,96,3348.83,3733.72,1384.41,10000.0,149371.47,149371.47,power_market/raw/dam/dam_2025-11.html
2025-11-02,96,2775.86,3116.09,299.77,10000.0,176734.54,176734.54,power_market/raw/dam/dam_2025-11.html
2025-11-03,96,3652.39,3804.68,1649.29,10000.0,204219.63,204219.63,power_market/raw/dam/dam_2025-11.html
2025-11-04,96,3183.81,3386.07,1005.97,10000.0,185784.1,185784.1,power_market/raw/dam/dam_2025-11.html
2025-11-05,96,3151.12,3384.31,999.47,10000.0,189608.2,189608.2,power_market/raw/dam/dam_2025-11.html
2025-11-06,96,3399.61,3643.11,1074.8,10000.0,198852.97,198852.97,power_market/raw/dam/dam_2025-11.html
2025-11-07,96,3060.28,3322.9,655.87,10000.0,204990.63,204990.63,power_market/raw/dam/dam_2025-11.html
2025-11-08,96,2849.06,3127.05,499.09,10000.0,200193.8,200193.8,power_market/raw/dam/dam_2025-11.html
2025-11-09,96,1962.14,2339.08,99.36,4919.85,182983.48,182983.48,power_market/raw/dam/dam_2025-11.html
2025-11-10,96,3035.28,3392.31,999.42,10000.0,185772.26,185772.26,power_market/raw/dam/dam_2025-11.html
2025-11-11,96,3290.56,3471.46,499.52,10000.0,192274.82,192274.82,power_market/raw/dam/dam_2025-11.html
2025-11-12,96,3169.78,3351.89,1500.26,10000.0,179662.72,179662.72,power_market/raw/dam/dam_2025-11.html
2025-11-13,96,2621.93,2674.74,1212.59,10000.0,149305.76,149305.76,power_market/raw/dam/dam_2025-11.html
2025-11-14,96,3021.39,3041.91,1399.73,10000.0,181841.66,181841.66,power_market/raw/dam/dam_2025-11.html
2025-11-15,96,2707.85,2744.74,499.92,10000.0,168262.97,168262.97,power_market/raw/dam/dam_2025-11.html
2025-11-16,96,1742.58,1724.87,200.53,3749.91,158980.41,158980.41,power_market/raw/dam/dam_2025-11.html
2025-11-17,96,2919.97,3030.52,1106.84,10000.0,169499.08,169499.08,power_market/raw/dam/dam_2025-11.html
2025-11-18,96,2899.1,3044.09,1212.87,10000.0,183143.82,183143.82,power_market/raw/dam/dam_2025-11.html
2025-11-19,96,3098.02,3239.92,1340.9,10000.0,185881.7,185881.7,power_market/raw/dam/dam_2025-11.html
2025-11-20,96,2972.97,3090.91,1442.95,10000.0,188771.45,188771.45,power_market/raw/dam/dam_2025-11.html
2025-11-21,96,3085.24,3152.9,1414.92,10000.0,202799.99,202799.99,power_market/raw/dam/dam_2025-11.html
2025-11-22,96,3209.39,3301.42,1462.63,10000.0,176823.57,176823.57,power_market/raw/dam/dam_2025-11.html
2025-11-23,96,2779.92,2868.87,1551.53,9999.35,195233.69,195233.69,power_market/raw/dam/dam_2025-11.html
2025-11-24,96,3400.54,3319.71,1550.54,10000.0,184431.54,184431.54,power_market/raw/dam/dam_2025-11.html
2025-11-25,96,3544.85,3501.41,1799.29,10000.0,201254.32,201254.32,power_market/raw/dam/dam_2025-11.html
2025-11-26,96,3558.19,3448.02,1880.31,10000.0,211301.79,211301.79,power_market/raw/dam/dam_2025-11.html
2025-11-27,96,3670.22,3606.56,1800.89,10000.0,201385.36,201385.36,power_market/raw/dam/dam_2025-11.html
2025-11-28,96,3713.38,3688.1,1930.71,10000.0,197899.21,197899.21,power_market/raw/dam/dam_2025-11.html
2025-11-29,96,3684.84,3756.91,2030.38,10000.0,215584.41,215584.41,power_market/raw/dam/dam_2025-11.html
2025-11-30,96,2566.39,2674.06,1360.28,4200.37,203073.94,203073.94,power_market/raw/dam/dam_2025-11.html
2025-12-01,96,3851.21,3874.05,2088.11,10000.0,191142.45,191142.45,power_market/raw/dam/dam_2025-12.html
2025-12-02,96,3997.83,3912.64,2198.04,10000.0,196121.78,196121.78,power_market/raw/dam/dam_2025-12.html
2025-12-03,96,4161.9,4085.69,2193.0,10000.0,208391.02,208391.02,power_market/raw/dam/dam_2025-12.html
2025-12-04,96,4461.1,4235.18,2540.9,10000.0,189561.0,189561.0,power_market/raw/dam/dam_2025-12.html
2025-12-05,96,4381.42,4154.28,2550.83,10000.0,193265.92,193265.92,power_market/raw/dam/dam_2025-12.html
2025-12-06,96,4042.09,3901.09,2020.53,10000.0,186655.06,186655.06,power_market/raw/dam/dam_2025-12.html
2025-12-07,96,2584.6,2559.08,1350.37,5000.77,169827.94,169827.94,power_market/raw/dam/dam_2025-12.html
2025-12-08,96,3405.3,3237.56,1900.64,10000.0,192620.75,192620.75,power_market/raw/dam/dam_2025-12.html
2025-12-09,96,3726.19,3584.89,2029.6,10000.0,197078.82,197078.82,power_market/raw/dam/dam_2025-12.html
2025-12-10,96,3540.41,3412.55,1903.95,10000.0,191495.06,191495.06,power_market/raw/dam/dam_2025-12.html
2025-12-11,96,3747.03,3621.94,1999.08,10000.0,197927.43,197927.43,power_market/raw/dam/dam_2025-12.html
2025-12-12,96,3645.05,3525.35,2173.88,10000.0,208933.3,208933.3,power_market/raw/dam/dam_2025-12.html
2025-12-13,96,3477.39,3337.42,2100.13,10000.0,201805.34,201805.34,power_market/raw/dam/dam_2025-12.html
2025-12-14,96,2768.24,2749.41,1600.96,5500.63,182668.9,182668.9,power_market/raw/dam/dam_2025-12.html
2025-12-15,96,3541.5,3426.09,2169.29,10000.0,186146.35,186146.35,power_market/raw/dam/dam_2025-12.html
2025-12-16,96,3631.9,3461.73,2250.6,10000.0,194217.72,194217.72,power_market/raw/dam/dam_2025-12.html
2025-12-17,96,3750.37,3653.79,2270.48,10000.0,187644.27,187644.27,power_market/raw/dam/dam_2025-12.html
2025-12-18,96,3884.44,3754.59,2170.52,10000.0,203645.76,203645.76,power_market/raw/dam/dam_2025-12.html
2025-12-19,96,4058.36,3841.97,2270.18,10000.0,203022.18,203022.18,power_market/raw/dam/dam_2025-12.html
2025-12-20,96,4345.59,4129.0,2497.64,10000.0,208949.62,208949.62,power_market/raw/dam/dam_2025-12.html
2025-12-21,96,3200.3,3290.49,2080.17,6000.76,190315.46,190315.46,power_market/raw/dam/dam_2025-12.html
2025-12-22,96,4773.53,4549.13,2498.58,10000.0,183918.27,183918.27,power_market/raw/dam/dam_2025-12.html
2025-12-23,96,4695.59,4531.16,2513.23,10000.0,208694.42,208694.42,power_market/raw/dam/dam_2025-12.html
2025-12-24,96,4777.08,4635.4,2642.58,10000.0,218731.46,218731.46,power_market/raw/dam/dam_2025-12.html
2025-12-25,96,4539.28,4535.77,2590.61,10000.0,205516.57,205516.57,power_market/raw/dam/dam_2025-12.html
2025-12-26,96,4538.14,4440.35,2541.85,10000.0,194436.12,194436.12,power_market/raw/dam/dam_2025-12.html
2025-12-27,96,4146.15,4028.22,2400.22,10000.0,185357.33,185357.33,power_market/raw/dam/dam_2025-12.html
2025-12-28,96,2795.65,2792.96,1851.0,4569.96,163052.61,163052.61,power_market/raw/dam/dam_2025-12.html
2025-12-29,96,4197.27,4155.23,2340.86,10000.0,174051.26,174051.26,power_market/raw/dam/dam_2025-12.html
2025-12-30,96,4260.97,4294.54,2416.94,10000.0,157663.6,157663.6,power_market/raw/dam/dam_2025-12.html
2025-12-31,96,4581.0,4564.99,2520.81,10000.0,159938.4,159938.4,power_market/raw/dam/dam_2025-12.html
2026-01-01,96,4485.57,4609.47,2580.17,10000.0,157617.9,157617.9,power_market/raw/dam/dam_2026-01.html
2026-01-02,96,4838.74,4737.64,2670.35,10000.0,171378.54,171378.54,power_market/raw/dam/dam_2026-01.html
2026-01-03,96,4515.37,4404.72,2670.8,10000.0,178365.58,178365.58,power_market/raw/dam/dam_2026-01.html
2026-01-04,96,3413.45,3443.19,2590.07,5450.8,158611.62,158611.62,power_market/raw/dam/dam_2026-01.html
2026-01-05,96,4198.62,4124.4,2314.48,10000.0,180916.38,180916.38,power_market/raw/dam/dam_2026-01.html
2026-01-06,96,4162.88,3965.17,2416.85,10000.0,191056.44,191056.44,power_market/raw/dam/dam_2026-01.html
2026-01-07,96,4808.58,4828.82,2429.98,10000.0,181427.26,181427.26,power_market/raw/dam/dam_2026-01.html
2026-01-08,96,4709.0,4672.68,2630.49,10000.0,187709.69,187709.69,power_market/raw/dam/dam_2026-01.html
2026-01-09,96,4819.94,4702.53,2549.44,10000.0,189151.69,189151.69,power_market/raw/dam/dam_2026-01.html
2026-01-10,96,4681.0,4687.3,2469.75,10000.0,184045.82,184045.82,power_market/raw/dam/dam_2026-01.html
2026-01-11,96,3164.87,3172.61,2250.2,4799.04,194483.22,194483.22,power_market/raw/dam/dam_2026-01.html
2026-01-12,96,4822.04,4754.97,2380.46,10000.0,187946.9,187946.9,power_market/raw/dam/dam_2026-01.html
2026-01-13,96,4722.75,4545.98,2469.53,10000.0,185770.74,185770.74,power_market/raw/dam/dam_2026-01.html
2026-01-14,96,4271.98,4312.27,2469.99,10000.0,200621.89,200621.89,power_market/raw/dam/dam_2026-01.html
2026-01-15,96,4014.34,4168.16,2296.67,10000.0,229233.49,229233.49,power_market/raw/dam/dam_2026-01.html
2026-01-16,96,4077.08,4063.27,2000.55,10000.0,215748.86,215748.86,power_market/raw/dam/dam_2026-01.html
2026-01-17,96,3546.31,3578.4,1760.8,10000.0,216221.7,216221.7,power_market/raw/dam/dam_2026-01.html
2026-01-18,96,2908.16,2893.29,1783.8,4881.16,195383.29,195383.29,power_market/raw/dam/dam_2026-01.html
2026-01-19,96,3888.74,3910.31,1999.27,10000.0,217555.6,217555.6,power_market/raw/dam/dam_2026-01.html
2026-01-20,96,4144.09,4149.49,2020.35,10000.0,199707.87,199707.87,power_market/raw/dam/dam_2026-01.html
2026-01-21,96,4327.87,4253.74,1998.75,10000.0,203811.07,203811.07,power_market/raw/dam/dam_2026-01.html
2026-01-22,96,3964.03,3974.64,1950.9,10000.0,193898.11,193898.11,power_market/raw/dam/dam_2026-01.html
2026-01-23,96,3806.96,3749.14,1801.0,10000.0,207139.37,207139.37,power_market/raw/dam/dam_2026-01.html
2026-01-24,96,3000.4,3009.84,1804.79,6999.36,203680.1,203680.1,power_market/raw/dam/dam_2026-01.html
2026-01-25,96,2406.85,2385.94,1529.55,4129.57,197158.89,197158.89,power_market/raw/dam/dam_2026-01.html
2026-01-26,96,2624.47,2667.29,1433.81,5023.98,192013.23,192013.23,power_market/raw/dam/dam_2026-01.html
2026-01-27,96,3232.41,3241.55,1724.93,10000.0,213612.69,213612.69,power_market/raw/dam/dam_2026-01.html
2026-01-28,96,3217.01,3211.63,1800.24,10000.0,227492.23,227492.23,power_market/raw/dam/dam_2026-01.html
2026-01-29,96,3150.51,3247.31,1865.83,8999.1,228224.2,228224.2,power_market/raw/dam/dam_2026-01.html
2026-01-30,96,3053.18,3087.22,1819.88,8997.27,213921.14,213921.14,power_market/raw/dam/dam_2026-01.html
2026-01-31,96,2821.2,2852.01,1529.24,5668.42,221798.94,221798.94,power_market/raw/dam/dam_2026-01.html
2026-02-01,96,2668.08,2687.34,999.84,5000.61,214186.0,214186.0,power_market/raw/dam/dam_2026-02.html
2026-02-02,96,3182.97,3248.16,1913.4,6400.45,227733.93,227733.93,power_market/raw/dam/dam_2026-02.html
2026-02-03,96,3092.64,3140.58,1810.32,6900.11,223088.25,223088.25,power_market/raw/dam/dam_2026-02.html
2026-02-04,96,3454.74,3472.78,1940.77,8400.35,229068.97,229068.97,power_market/raw/dam/dam_2026-02.html
2026-02-05,96,3433.89,3493.54,1940.11,8700.34,240359.41,240359.41,power_market/raw/dam/dam_2026-02.html
2026-02-06,96,3239.83,3243.33,1724.6,9000.31,243272.36,243272.36,power_market/raw/dam/dam_2026-02.html
2026-02-07,96,3212.86,3237.32,1724.66,9200.47,240448.79,240448.79,power_market/raw/dam/dam_2026-02.html
2026-02-08,96,2674.43,2677.98,1447.36,4759.55,212506.62,212506.62,power_market/raw/dam/dam_2026-02.html
2026-02-09,96,3201.65,3220.2,1798.04,6800.67,246805.97,246805.97,power_market/raw/dam/dam_2026-02.html
2026-02-10,96,3230.19,3228.42,1712.0,8990.85,241751.34,241751.34,power_market/raw/dam/dam_2026-02.html
2026-02-11,96,3430.3,3390.53,1930.75,10000.0,248086.15,248086.15,power_market/raw/dam/dam_2026-02.html
2026-02-12,96,3856.03,3864.65,1880.89,10000.0,233153.3,233153.3,power_market/raw/dam/dam_2026-02.html
2026-02-13,96,3759.42,3714.5,2000.2,10000.0,235298.05,235298.05,power_market/raw/dam/dam_2026-02.html
2026-02-14,96,3569.75,3585.69,1880.76,10000.0,220680.21,220680.21,power_market/raw/dam/dam_2026-02.html
2026-02-15,96,2862.44,2868.85,1300.98,7599.55,218298.94,218298.94,power_market/raw/dam/dam_2026-02.html
2026-02-16,96,3803.78,3835.97,2030.9,10000.0,226631.75,226631.75,power_market/raw/dam/dam_2026-02.html
2026-02-17,96,3592.15,3561.83,1980.8,10000.0,237598.35,237598.35,power_market/raw/dam/dam_2026-02.html
2026-02-18,96,3946.83,3841.16,1909.93,10000.0,222105.82,222105.82,power_market/raw/dam/dam_2026-02.html
2026-02-19,96,3996.71,3845.1,1655.37,10000.0,228797.34,228797.34,power_market/raw/dam/dam_2026-02.html
2026-02-20,96,3754.49,3687.85,1664.85,10000.0,230137.66,230137.66,power_market/raw/dam/dam_2026-02.html
2026-02-21,96,3346.97,3362.09,1500.69,10000.0,229836.45,229836.45,power_market/raw/dam/dam_2026-02.html
2026-02-22,96,2984.61,2998.86,1020.38,9499.06,237176.27,237176.27,power_market/raw/dam/dam_2026-02.html
2026-02-23,96,4065.25,4002.46,1700.68,10000.0,255544.72,255544.72,power_market/raw/dam/dam_2026-02.html
2026-02-24,96,4227.53,4079.77,1890.74,10000.0,245151.52,245151.52,power_market/raw/dam/dam_2026-02.html
2026-02-25,96,4409.38,4290.22,1900.76,10000.0,225601.49,225601.49,power_market/raw/dam/dam_2026-02.html
2026-02-26,96,4529.18,4297.78,1890.59,10000.0,240483.32,240483.32,power_market/raw/dam/dam_2026-02.html
2026-02-27,96,4627.86,4400.69,2029.2,10000.0,262633.57,262633.57,power_market/raw/dam/dam_2026-02.html
2026-02-28,96,4129.83,4041.58,1694.9,10000.0,253663.77,253663.77,power_market/raw/dam/dam_2026-02.html
2026-03-01,96,3074.83,3104.94,1500.19,7998.27,232252.92,232252.92,power_market/raw/dam/dam_2026-03.html
2026-03-02,96,4045.45,3949.64,1670.85,10000.0,242465.81,242465.81,power_market/raw/dam/dam_2026-03.html
2026-03-03,96,3169.52,3186.74,1496.55,9909.84,254234.31,254234.31,power_market/raw/dam/dam_2026-03.html
2026-03-04,96,2781.49,2869.85,1166.07,8600.35,264363.9,264363.9,power_market/raw/dam/dam_2026-03.html
2026-03-05,96,3265.74,3198.82,1501.62,10000.0,259675.9,259675.9,power_market/raw/dam/dam_2026-03.html
2026-03-06,96,3734.46,3667.91,1687.65,10000.0,268088.41,268088.41,power_market/raw/dam/dam_2026-03.html
2026-03-07,96,3684.61,3665.35,1778.72,10000.0,271365.02,271365.02,power_market/raw/dam/dam_2026-03.html
2026-03-08,96,3623.87,3552.22,1578.84,10000.0,256294.81,256294.81,power_market/raw/dam/dam_2026-03.html
2026-03-09,96,4609.55,4395.9,1900.77,10000.0,246107.91,246107.91,power_market/raw/dam/dam_2026-03.html
2026-03-10,96,4428.5,4202.72,2064.63,10000.0,240823.46,240823.46,power_market/raw/dam/dam_2026-03.html
2026-03-11,96,4596.27,4363.05,2070.4,10000.0,226937.56,226937.56,power_market/raw/dam/dam_2026-03.html
2026-03-12,96,5604.69,5261.62,1980.5,10000.0,219914.47,219876.11,power_market/raw/dam/dam_2026-03.html
2026-03-13,96,7244.11,6209.07,2030.28,10000.0,181282.92,181282.92,power_market/raw/dam/dam_2026-03.html
2026-03-14,96,7234.32,6033.1,2089.13,10000.0,158943.59,158943.59,power_market/raw/dam/dam_2026-03.html
2026-03-15,96,6593.56,5942.46,1820.23,10000.0,193875.98,193875.98,power_market/raw/dam/dam_2026-03.html
2026-03-16,96,5241.81,4566.18,1600.64,10000.0,175694.03,175694.03,power_market/raw/dam/dam_2026-03.html
2026-03-17,96,4439.64,4048.76,1546.13,10000.0,171981.64,171981.64,power_market/raw/dam/dam_2026-03.html
2026-03-18,96,4122.4,3966.32,1929.13,10000.0,189524.39,189524.39,power_market/raw/dam/dam_2026-03.html
2026-03-19,96,4136.1,3962.68,1760.02,10000.0,186342.45,186342.45,power_market/raw/dam/dam_2026-03.html
2026-03-20,96,3491.62,3218.15,1546.79,8451.04,202983.88,202983.88,power_market/raw/dam/dam_2026-03.html
2026-03-21,96,3122.81,3081.37,1096.52,5400.37,178977.38,178977.38,power_market/raw/dam/dam_2026-03.html
2026-03-22,96,2740.86,2781.53,983.9,4360.29,209872.24,209872.24,power_market/raw/dam/dam_2026-03.html
2026-03-23,96,2800.04,2757.31,983.87,5540.11,195678.66,195678.66,power_market/raw/dam/dam_2026-03.html
2026-03-24,96,2999.6,2937.21,983.93,6001.0,216738.17,216738.17,power_market/raw/dam/dam_2026-03.html
2026-03-25,96,3482.61,3336.85,1546.08,10000.0,228611.27,228611.27,power_market/raw/dam/dam_2026-03.html
2026-03-26,96,4023.35,3703.15,1543.16,10000.0,217469.71,217469.71,power_market/raw/dam/dam_2026-03.html
2026-03-27,96,3928.88,3573.98,1543.68,10000.0,240878.53,240916.57,power_market/raw/dam/dam_2026-03.html
2026-03-28,96,3700.57,3338.31,1543.24,10000.0,226293.84,226293.84,power_market/raw/dam/dam_2026-03.html
2026-03-29,96,2942.3,2886.54,983.12,4800.44,227188.36,227188.36,power_market/raw/dam/dam_2026-03.html
2026-03-30,96,4846.46,4157.81,1543.06,10000.0,220878.45,220878.45,power_market/raw/dam/dam_2026-03.html
2026-03-31,96,6483.5,5760.84,1545.72,10000.0,256592.33,254836.64,power_market/raw/dam/dam_2026-03.html
2026-04-01,96,5115.18,4793.87,983.74,10000.0,198140.42,198140.42,power_market/raw/dam/dam_2026-04.html
2026-04-02,96,5604.2,5209.53,2084.0,10000.0,224287.06,224287.06,power_market/raw/dam/dam_2026-04.html
2026-04-03,96,4454.74,4166.8,1545.2,10000.0,210602.63,210602.63,power_market/raw/dam/dam_2026-04.html
2026-04-04,96,4466.89,4183.72,1545.31,10000.0,240114.91,240114.91,power_market/raw/dam/dam_2026-04.html
2026-04-05,96,3238.06,3150.78,300.96,5130.77,198487.91,198487.91,power_market/raw/dam/dam_2026-04.html
2026-04-06,96,3108.5,2927.0,983.35,5846.51,186354.04,186354.04,power_market/raw/dam/dam_2026-04.html
2026-04-07,96,2712.21,2536.66,500.51,4588.66,182449.09,182449.09,power_market/raw/dam/dam_2026-04.html
2026-04-08,96,2645.7,2409.05,599.82,4500.7,195800.66,195800.66,power_market/raw/dam/dam_2026-04.html
2026-04-09,96,3053.69,2911.4,489.97,6300.3,217149.27,217149.27,power_market/raw/dam/dam_2026-04.html
2026-04-10,96,3438.6,3366.64,300.92,10000.0,210347.17,210347.17,power_market/raw/dam/dam_2026-04.html
2026-04-11,96,3746.54,3562.14,400.46,10000.0,213553.8,213553.8,power_market/raw/dam/dam_2026-04.html
2026-04-12,96,3262.31,3187.14,199.65,9000.02,218843.07,218843.07,power_market/raw/dam/dam_2026-04.html
2026-04-13,96,5507.71,4730.26,499.46,10000.0,190921.34,190921.34,power_market/raw/dam/dam_2026-04.html
2026-04-14,96,5560.5,4536.69,399.32,10000.0,186788.78,186788.78,power_market/raw/dam/dam_2026-04.html
2026-04-15,96,5915.18,4521.37,669.32,10000.0,164531.23,159759.22,power_market/raw/dam/dam_2026-04.html
2026-04-16,96,5655.19,3986.98,300.59,10000.0,149245.77,147261.25,power_market/raw/dam/dam_2026-04.html
2026-04-17,96,6257.09,3846.93,299.45,10000.0,114492.08,112465.82,power_market/raw/dam/dam_2026-04.html
2026-04-18,96,6410.86,3978.82,1001.78,10000.0,118414.72,115402.45,power_market/raw/dam/dam_2026-04.html
2026-04-19,96,5992.47,3735.89,299.63,10000.0,121654.6,121654.6,power_market/raw/dam/dam_2026-04.html
2026-04-20,96,6468.81,4069.75,1001.84,10000.0,111447.78,111213.74,power_market/raw/dam/dam_2026-04.html
2026-04-21,96,6480.18,4071.23,1449.03,10000.0,113100.92,113100.92,power_market/raw/dam/dam_2026-04.html
2026-04-22,96,6463.57,4000.98,1001.9,10000.0,115320.4,114587.08,power_market/raw/dam/dam_2026-04.html
2026-04-23,96,6462.84,4095.34,999.92,10000.0,113374.9,113374.9,power_market/raw/dam/dam_2026-04.html
2026-04-24,96,6749.11,4180.8,1516.68,10000.0,111088.33,110297.6,power_market/raw/dam/dam_2026-04.html
2026-04-25,96,6849.14,3905.72,1516.33,10000.0,101614.08,101614.08,power_market/raw/dam/dam_2026-04.html
2026-04-26,96,6462.35,3566.21,1001.55,10000.0,94199.66,94199.66,power_market/raw/dam/dam_2026-04.html
2026-04-27,96,7078.52,4726.31,2021.54,10000.0,106222.2,106222.2,power_market/raw/dam/dam_2026-04.html
2026-04-28,96,6764.59,4213.38,1653.87,10000.0,110187.18,110187.18,power_market/raw/dam/dam_2026-04.html
2026-04-29,96,6197.73,4281.77,1551.52,10000.0,118802.71,118802.71,power_market/raw/dam/dam_2026-04.html
2026-04-30,96,5587.12,3687.24,1515.33,10000.0,100763.38,99445.32,power_market/raw/dam/dam_2026-04.html
2026-05-01,96,4031.44,4004.95,248.81,10000.0,95311.11,95311.11,power_market/raw/dam/dam_2026-05.html
2026-05-02,96,3101.31,3412.13,200.17,10000.0,122512.0,122512.0,power_market/raw/dam/dam_2026-05.html
2026-05-03,96,2168.57,2263.24,99.58,4500.39,130142.47,130142.47,power_market/raw/dam/dam_2026-05.html
2026-05-04,96,2574.38,2882.78,300.38,8999.13,170467.61,170467.61,power_market/raw/dam/dam_2026-05.html
2026-05-05,96,3185.57,3275.49,200.84,10000.0,175202.2,175202.2,power_market/raw/dam/dam_2026-05.html
2026-05-06,96,3847.04,3690.03,249.3,10000.0,153686.37,153686.37,power_market/raw/dam/dam_2026-05.html
2026-05-07,96,3849.45,3462.08,200.97,10000.0,145706.67,145706.67,power_market/raw/dam/dam_2026-05.html
2026-05-08,96,4246.38,3843.99,200.76,10000.0,162585.88,162585.88,power_market/raw/dam/dam_2026-05.html
2026-05-09,96,4203.9,3928.26,1001.19,10000.0,165984.34,165984.34,power_market/raw/dam/dam_2026-05.html
2026-05-10,96,3137.1,3053.57,200.35,10000.0,164741.64,164741.64,power_market/raw/dam/dam_2026-05.html
2026-05-11,96,4376.88,3885.73,1000.73,10000.0,142846.76,142846.76,power_market/raw/dam/dam_2026-05.html
2026-05-12,96,4788.8,3837.36,1210.73,10000.0,140405.68,140405.68,power_market/raw/dam/dam_2026-05.html
2026-05-13,96,5934.52,4152.29,1048.93,10000.0,120358.4,120358.4,power_market/raw/dam/dam_2026-05.html
2026-05-14,96,5917.62,3923.05,1537.39,10000.0,122241.09,122241.09,power_market/raw/dam/dam_2026-05.html
2026-05-15,96,5535.92,4049.48,1600.8,10000.0,133208.34,133208.34,power_market/raw/dam/dam_2026-05.html
2026-05-16,96,5494.57,4178.59,1665.43,10000.0,134073.01,134073.01,power_market/raw/dam/dam_2026-05.html
2026-05-17,96,4902.52,3939.52,699.84,10000.0,130250.74,130250.74,power_market/raw/dam/dam_2026-05.html
2026-05-18,96,5708.18,4081.41,1499.21,10000.0,122675.34,122675.34,power_market/raw/dam/dam_2026-05.html
2026-05-19,96,5801.74,4138.54,1566.15,10000.0,131037.02,131037.02,power_market/raw/dam/dam_2026-05.html
2026-05-20,96,5852.64,3911.7,1500.41,10000.0,138804.58,138804.58,power_market/raw/dam/dam_2026-05.html
2026-05-21,96,5997.07,3957.77,1563.76,10000.0,137240.66,137240.66,power_market/raw/dam/dam_2026-05.html
2026-05-22,96,6603.32,4154.47,1867.68,10000.0,130789.26,130789.26,power_market/raw/dam/dam_2026-05.html
2026-05-23,96,6448.63,4141.97,1549.51,10000.0,142698.58,142698.58,power_market/raw/dam/dam_2026-05.html
2026-05-24,96,5895.31,4052.78,1380.24,10000.0,142283.75,142283.75,power_market/raw/dam/dam_2026-05.html
2026-05-25,96,6175.29,4354.44,1800.78,10000.0,131377.32,131377.32,power_market/raw/dam/dam_2026-05.html
2026-05-26,96,6491.74,4419.01,1750.73,10000.0,137584.97,137584.97,power_market/raw/dam/dam_2026-05.html
2026-05-27,96,6582.85,4262.99,1950.84,10000.0,133659.28,133659.28,power_market/raw/dam/dam_2026-05.html
2026-05-28,96,6299.61,4511.45,1939.77,10000.0,147039.84,147039.84,power_market/raw/dam/dam_2026-05.html
2026-05-29,96,5479.5,4178.35,999.51,10000.0,145228.1,145228.1,power_market/raw/dam/dam_2026-05.html
2026-05-30,96,3981.03,3454.31,300.87,10000.0,145642.13,145642.13,power_market/raw/dam/dam_2026-05.html
2026-05-31,96,2818.06,3112.51,20.81,10000.0,145860.47,145860.47,power_market/raw/dam/dam_2026-05.html
2026-06-01,96,4419.32,4096.4,1048.73,10000.0,164552.93,164552.93,power_market/raw/dam/dam_2026-06.html
2026-06-02,96,5278.78,4307.99,1526.97,10000.0,159910.77,159910.77,power_market/raw/dam/dam_2026-06.html
2026-06-03,96,5536.48,4313.01,1537.45,10000.0,153646.98,153646.98,power_market/raw/dam/dam_2026-06.html
2026-06-04,96,5619.05,3941.44,1048.97,10000.0,124281.64,124281.64,power_market/raw/dam/dam_2026-06.html
2026-06-05,96,5870.35,3859.65,1048.28,10000.0,117851.31,117851.31,power_market/raw/dam/dam_2026-06.html
2026-06-06,96,4813.68,3566.5,1048.07,10000.0,144513.36,144513.36,power_market/raw/dam/dam_2026-06.html
2026-06-07,96,4592.62,3387.71,499.37,10000.0,127817.12,127817.12,power_market/raw/dam/dam_2026-06.html
2026-06-08,96,5294.12,3673.6,1048.16,10000.0,120869.59,120869.59,power_market/raw/dam/dam_2026-06.html
2026-06-09,96,5232.11,3935.72,1048.25,10000.0,139929.02,139929.02,power_market/raw/dam/dam_2026-06.html
2026-06-10,96,5428.42,3822.63,1092.59,10000.0,133785.86,133785.86,power_market/raw/dam/dam_2026-06.html
2026-06-11,96,4586.46,3564.87,1092.97,10000.0,142846.48,142846.48,power_market/raw/dam/dam_2026-06.html
2026-06-12,96,3755.05,3131.27,799.27,10000.0,130227.96,130227.96,power_market/raw/dam/dam_2026-06.html
2026-06-13,96,3318.12,3196.78,489.67,10000.0,138493.4,138493.4,power_market/raw/dam/dam_2026-06.html
2026-06-14,96,2461.09,2525.79,199.51,6999.81,147751.38,147751.38,power_market/raw/dam/dam_2026-06.html
2026-06-15,96,3729.26,3539.95,499.79,10000.0,142208.02,142208.02,power_market/raw/dam/dam_2026-06.html
2026-06-16,96,4289.43,3775.27,1092.94,10000.0,141776.78,141776.78,power_market/raw/dam/dam_2026-06.html
2026-06-17,96,4990.73,3848.06,1092.59,10000.0,145533.64,145533.64,power_market/raw/dam/dam_2026-06.html
2026-06-18,96,5840.59,4582.85,1300.66,10000.0,156767.0,156767.0,power_market/raw/dam/dam_2026-06.html
2026-06-19,96,6398.29,4315.97,1555.29,10000.0,126261.41,126261.41,power_market/raw/dam/dam_2026-06.html
2026-06-20,96,6228.48,4488.55,1750.77,10000.0,141083.04,141083.04,power_market/raw/dam/dam_2026-06.html
2026-06-21,96,5710.4,4308.4,999.03,10000.0,139431.46,139431.46,power_market/raw/dam/dam_2026-06.html
2026-06-22,96,6253.23,4327.74,1396.25,10000.0,143755.6,143755.6,power_market/raw/dam/dam_2026-06.html
2026-06-23,96,5715.05,4120.35,1092.83,10000.0,147709.25,147709.25,power_market/raw/dam/dam_2026-06.html
2026-06-24,96,4767.67,3554.66,1092.78,10000.0,161720.45,161720.45,power_market/raw/dam/dam_2026-06.html
2026-06-25,96,4566.76,3707.58,1092.77,10000.0,163755.9,163755.9,power_market/raw/dam/dam_2026-06.html
2026-06-26,96,5537.66,4154.82,1092.17,10000.0,139879.44,139879.44,power_market/raw/dam/dam_2026-06.html
2026-06-27,96,6287.84,4455.37,1092.77,10000.0,143034.94,143034.94,power_market/raw/dam/dam_2026-06.html
2026-06-28,96,5965.3,3885.21,1092.22,10000.0,144234.7,144234.7,power_market/raw/dam/dam_2026-06.html
2026-06-29,96,6438.16,4375.35,1555.51,10000.0,171077.0,171077.0,power_market/raw/dam/dam_2026-06.html
2026-06-30,96,6121.99,3997.85,1104.67,10000.0,158604.72,158604.72,power_market/raw/dam/dam_2026-06.html
2026-07-01,96,5790.65,4103.0,1092.48,10000.0,150365.28,150365.28,power_market/raw/dam/dam_2026-07.html
2026-07-02,96,4887.96,3633.87,1015.78,10000.0,155359.73,155359.73,power_market/raw/dam/dam_2026-07.html
2026-07-03,96,4240.66,3301.42,999.31,10000.0,162503.29,162503.29,power_market/raw/dam/dam_2026-07.html
2026-07-04,96,3325.58,2781.92,300.28,10000.0,155285.42,155285.42,power_market/raw/dam/dam_2026-07.html
2026-07-05,96,2551.11,2485.11,199.92,8999.3,137204.05,138956.05,power_market/raw/dam/dam_2026-07.html
2026-07-06,96,3917.15,3368.29,300.84,10000.0,149182.24,149182.24,power_market/raw/dam/dam_2026-07.html
2026-07-07,96,3036.54,2690.1,300.78,9499.19,183926.58,183926.58,power_market/raw/dam/dam_2026-07.html
2026-07-08,96,3289.84,3205.58,249.98,10000.0,173772.56,173772.56,power_market/raw/dam/dam_2026-07.html
2026-07-09,96,3110.09,2851.9,300.33,10000.0,155421.43,155421.43,power_market/raw/dam/dam_2026-07.html
2026-07-10,96,4235.6,3903.73,1092.74,10000.0,198385.34,198385.34,power_market/raw/dam/dam_2026-07.html
2026-07-11,96,4019.09,3625.95,400.1,10000.0,182595.94,182595.94,power_market/raw/dam/dam_2026-07.html
2026-07-12,96,2490.0,2524.82,199.69,5396.3,177202.91,177202.91,power_market/raw/dam/dam_2026-07.html
2026-07-13,96,5619.08,4558.5,1092.27,10000.0,200567.71,200567.71,power_market/raw/dam/dam_2026-07.html
2026-07-14,96,6328.93,4795.36,1092.93,10000.0,177255.74,177255.74,power_market/raw/dam/dam_2026-07.html
2026-07-15,96,6525.79,4665.48,1115.7,10000.0,145393.28,145393.28,power_market/raw/dam/dam_2026-07.html
2026-07-16,96,7048.93,4695.94,1984.36,10000.0,161489.26,161489.26,power_market/raw/dam/dam_2026-07.html
2026-07-17,96,7284.41,5007.82,1880.12,10000.0,148764.17,148764.17,power_market/raw/dam/dam_2026-07.html
2026-07-18,96,7284.74,4845.98,1870.23,10000.0,148699.22,148699.22,power_market/raw/dam/dam_2026-07.html
2026-07-19,96,6431.57,4518.28,1315.57,10000.0,163005.35,163005.35,power_market/raw/dam/dam_2026-07.html
2026-07-20,96,6801.46,4736.96,1804.67,10000.0,150879.28,150879.28,power_market/raw/dam/dam_2026-07.html
2026-07-21,96,6617.61,4336.19,1617.91,10000.0,142036.17,142036.17,power_market/raw/dam/dam_2026-07.html
2026-07-22,96,5249.71,4037.58,1379.7,10000.0,155934.22,155934.22,power_market/raw/dam/dam_2026-07.html
2026-07-23,96,5375.03,4300.05,1541.25,10000.0,150767.22,150767.22,power_market/raw/dam/dam_2026-07.html
2026-07-24,96,4465.15,3656.1,1315.54,10000.0,171196.42,171196.42,power_market/raw/dam/dam_2026-07.html
2026-07-25,96,4515.33,3480.68,1541.08,10000.0,166690.44,166690.44,power_market/raw/dam/dam_2026-07.html
2026-07-26,96,4642.8,4090.47,999.78,10000.0,168403.78,168403.78,power_market/raw/dam/dam_2026-07.html
2026-07-27,96,5872.05,4319.0,1379.48,10000.0,164531.74,164531.74,power_market/raw/dam/dam_2026-07.html
2026-07-28,96,5267.42,3698.97,1287.75,10000.0,178181.27,178181.27,power_market/raw/dam/dam_2026-07.html
2026-07-29,96,4808.54,3421.44,1287.57,10000.0,174787.01,174787.01,power_market/raw/dam/dam_2026-07.html
2026-07-30,96,4748.12,3423.62,1115.32,10000.0,162569.94,162569.94,power_market/raw/dam/dam_2026-07.html
2026-07-31,96,5088.52,3515.37,1115.89,10000.0,151778.77,151778.77,power_market/raw/dam/dam_2026-07.html
2026-08-01,96,4796.86,3353.66,1299.1,10000.0,171913.85,171913.85,power_market/raw/dam/dam_2026-08.html
2026-08-02,96,4197.63,3173.89,1115.82,10000.0,173115.66,173115.66,power_market/raw/dam/dam_2026-08.html
2026-08-03,96,5380.99,3807.43,1437.93,10000.0,159642.13,159642.13,power_market/raw/dam/dam_2026-08.html
2026-08-04,96,6020.99,4363.97,1617.22,10000.0,186201.85,186201.85,power_market/raw/dam/dam_2026-08.html
2026-08-05,96,4879.78,3270.42,1300.19,10000.0,179892.13,179892.13,power_market/raw/dam/dam_2026-08.html
2026-08-06,96,4554.77,3280.47,1366.65,10000.0,206934.87,206934.87,power_market/raw/dam/dam_2026-08.html
2026-08-07,96,4510.65,3129.04,1287.12,10000.0,189904.67,189419.78,power_market/raw/dam/dam_2026-08.html
2026-08-08,96,4100.93,3088.04,1115.6,10000.0,167110.42,167110.42,power_market/raw/dam/dam_2026-08.html
2026-08-09,96,2413.29,2097.23,99.91,6000.17,136811.54,136811.54,power_market/raw/dam/dam_2026-08.html
2026-08-10,96,3772.46,2980.62,1111.25,10000.0,169606.27,169606.27,power_market/raw/dam/dam_2026-08.html
2026-08-11,96,3916.73,2893.1,1111.35,10000.0,163170.88,163170.88,power_market/raw/dam/dam_2026-08.html
2026-08-12,96,4521.87,3281.08,1379.52,10000.0,173529.08,173529.08,power_market/raw/dam/dam_2026-08.html
2026-08-13,96,5181.21,3666.12,1568.35,10000.0,180059.26,180059.26,power_market/raw/dam/dam_2026-08.html
2026-08-14,96,5444.93,3932.4,1199.51,10000.0,201839.33,201839.33,power_market/raw/dam/dam_2026-08.html
2026-08-15,96,3281.38,2804.28,300.48,9912.64,179813.13,179813.13,power_market/raw/dam/dam_2026-08.html
2026-08-16,96,2399.18,2031.8,240.88,5000.97,161105.78,161105.78,power_market/raw/dam/dam_2026-08.html
2026-08-17,96,4345.0,3382.14,1111.1,10000.0,175468.71,175468.71,power_market/raw/dam/dam_2026-08.html
2026-08-18,96,4187.98,3046.78,1111.64,10000.0,184264.58,184264.58,power_market/raw/dam/dam_2026-08.html
2026-08-19,96,4175.22,2951.45,1111.64,10000.0,179538.4,179538.4,power_market/raw/dam/dam_2026-08.html
2026-08-20,96,4474.39,3224.64,1111.42,10000.0,182290.53,182290.53,power_market/raw/dam/dam_2026-08.html
2026-08-21,96,5224.7,3812.12,1399.87,10000.0,167382.25,167382.25,power_market/raw/dam/dam_2026-08.html
2026-08-22,96,6053.65,4359.51,1523.37,10000.0,188224.64,188224.64,power_market/raw/dam/dam_2026-08.html
2026-08-23,96,5706.26,4286.02,1111.92,10000.0,201972.45,201972.45,power_market/raw/dam/dam_2026-08.html
2026-08-24,96,7299.82,5139.97,1860.26,10000.0,166274.6,166274.6,power_market/raw/dam/dam_2026-08.html
2026-08-25,96,6816.87,5093.45,1860.11,10000.0,155979.12,155979.12,power_market/raw/dam/dam_2026-08.html
2026-08-26,96,6349.34,4729.83,1868.09,10000.0,173464.56,173464.56,power_market/raw/dam/dam_2026-08.html
2026-08-27,96,6637.01,4825.28,1860.01,10000.0,183257.09,183257.09,power_market/raw/dam/dam_2026-08.html
2026-08-28,96,6332.24,4422.26,1524.64,10000.0,181668.08,181668.08,power_market/raw/dam/dam_2026-08.html
2026-08-29,96,5855.28,4600.84,1111.41,10000.0,185091.52,185091.52,power_market/raw/dam/dam_2026-08.html
2026-08-30,96,3081.46,2536.5,300.83,7749.17,190344.8,190344.8,power_market/raw/dam/dam_2026-08.html
2026-08-31,96,5386.95,4275.94,1563.44,10000.0,183730.17,183730.17,power_market/raw/dam/dam_2026-08.html
2026-09-01,96,5960.33,4348.55,1111.9,10000.0,189578.87,189578.87,power_market/raw/dam/dam_2026-09.html
2026-09-02,96,7251.08,5073.37,1799.52,10000.0,166268.27,166268.27,power_market/raw/dam/dam_2026-09.html
2026-09-03,96,7502.68,5048.13,1870.07,10000.0,152928.67,152928.67,power_market/raw/dam/dam_2026-09.html
2026-09-04,96,7324.83,4724.69,1699.98,10000.0,150061.78,150061.78,power_market/raw/dam/dam_2026-09.html
2026-09-05,96,8108.63,6003.68,2706.54,10000.0,141904.4,141904.4,power_market/raw/dam/dam_2026-09.html
2026-09-06,96,7546.46,5118.61,1859.88,10000.0,172626.9,172626.9,power_market/raw/dam/dam_2026-09.html
2026-09-07,96,8153.22,5843.05,2325.87,10000.0,148271.28,148271.28,power_market/raw/dam/dam_2026-09.html
2026-09-08,96,7855.15,5250.8,2016.78,10000.0,154761.77,154761.77,power_market/raw/dam/dam_2026-09.html
2026-09-09,96,7902.53,5186.15,1999.18,10000.0,145993.46,145993.46,power_market/raw/dam/dam_2026-09.html
2026-09-10,96,8168.32,5450.69,2611.57,10000.0,156443.08,156443.08,power_market/raw/dam/dam_2026-09.html
2026-09-11,96,8226.53,5571.03,2989.44,10000.0,150133.41,150133.41,power_market/raw/dam/dam_2026-09.html
2026-09-12,96,8364.1,5879.13,2710.52,10000.0,139575.53,139575.53,power_market/raw/dam/dam_2026-09.html
2026-09-13,96,7974.28,5119.23,1940.54,10000.0,122785.2,122785.2,power_market/raw/dam/dam_2026-09.html
2026-09-14,96,7614.85,4501.69,1739.98,10000.0,109555.41,109555.41,power_market/raw/dam/dam_2026-09.html
2026-09-15,96,8003.61,5269.88,2660.48,10000.0,98514.86,98514.86,power_market/raw/dam/dam_2026-09.html
2026-09-16,96,8349.4,5754.88,2660.43,10000.0,93824.1,93824.1,power_market/raw/dam/dam_2026-09.html
2026-09-17,96,8733.39,6522.31,3407.31,10000.0,111329.69,111329.69,power_market/raw/dam/dam_2026-09.html
2026-09-18,96,8104.63,5289.3,2609.54,10000.0,103131.34,103131.34,power_market/raw/dam/dam_2026-09.html
2026-09-19,96,7844.19,4750.09,1760.58,10000.0,112567.86,112567.86,power_market/raw/dam/dam_2026-09.html
2026-09-20,96,7405.97,4294.04,1760.44,10000.0,115225.66,115225.66,power_market/raw/dam/dam_2026-09.html
2026-09-21,96,7821.98,4816.51,1914.86,10000.0,124997.41,124997.41,power_market/raw/dam/dam_2026-09.html
2026-09-22,96,7766.14,4577.32,1911.48,10000.0,134919.32,134919.32,power_market/raw/dam/dam_2026-09.html
2026-09-23,96,7579.62,4055.09,1953.35,10000.0,129355.99,129355.99,power_market/raw/dam/dam_2026-09.html
2026-09-24,96,7435.07,4028.23,1809.08,10000.0,129399.72,129399.72,power_market/raw/dam/dam_2026-09.html
2026-09-25,96,5682.37,4430.54,399.85,10000.0,138128.24,138128.24,power_market/raw/dam/dam_2026-09.html
2026-09-26,96,4299.38,3979.68,199.68,10000.0,146541.5,146541.5,power_market/raw/dam/dam_2026-09.html
2026-09-27,96,2755.9,2515.19,300.33,10000.0,169577.63,169577.63,power_market/raw/dam/dam_2026-09.html
2026-09-28,96,5444.21,4087.68,1332.36,10000.0,203626.81,203586.6,power_market/raw/dam/dam_2026-09.html
2026-09-29,96,7448.55,4922.51,1999.33,10000.0,179349.04,177071.95,power_market/raw/dam/dam_2026-09.html
2026-09-30,96,7652.12,5384.56,2000.38,10000.0,184623.33,183891.0,power_market/raw/dam/dam_2026-09.html
